image_id,image,mask
1,/vinbrain/huyta/data/POLYPS/CVC-EndoSceneStill/CVC-300/bbdd/1.bmp,/vinbrain/huyta/data/POLYPS/CVC-EndoSceneStill/CVC-300/gtpolyp/1.bmp
2,/vinbrain/huyta/data/POLYPS/CVC-EndoSceneStill/CVC-300/bbdd/2.bmp,/vinbrain/huyta/data/POLYPS/CVC-EndoSceneStill/CVC-300/gtpolyp/2.bmp
3,/vinbrain/huyta/data/POLYPS/CVC-EndoSceneStill/CVC-300/bbdd/3.bmp,/vinbrain/huyta/data/POLYPS/CVC-EndoSceneStill/CVC-300/gtpolyp/3.bmp
4,/vinbrain/huyta/data/POLYPS/CVC-EndoSceneStill/CVC-300/bbdd/4.bmp,/vinbrain/huyta/data/POLYPS/CVC-EndoSceneStill/CVC-300/gtpolyp/4.bmp
5,/vinbrain/huyta/data/POLYPS/CVC-EndoSceneStill/CVC-300/bbdd/5.bmp,/vinbrain/huyta/data/POLYPS/CVC-EndoSceneStill/CVC-300/gtpolyp/5.bmp
6,/vinbrain/huyta/data/POLYPS/CVC-EndoSceneStill/CVC-300/bbdd/6.bmp,/vinbrain/huyta/data/POLYPS/CVC-EndoSceneStill/CVC-300/gtpolyp/6.bmp
7,/vinbrain/huyta/data/POLYPS/CVC-EndoSceneStill/CVC-300/bbdd/7.bmp,/vinbrain/huyta/data/POLYPS/CVC-EndoSceneStill/CVC-300/gtpolyp/7.bmp
8,/vinbrain/huyta/data/POLYPS/CVC-EndoSceneStill/CVC-300/bbdd/8.bmp,/vinbrain/huyta/data/POLYPS/CVC-EndoSceneStill/CVC-300/gtpolyp/8.bmp
9,/vinbrain/huyta/data/POLYPS/CVC-EndoSceneStill/CVC-300/bbdd/9.bmp,/vinbrain/huyta/data/POLYPS/CVC-EndoSceneStill/CVC-300/gtpolyp/9.bmp
10,/vinbrain/huyta/data/POLYPS/CVC-EndoSceneStill/CVC-300/bbdd/10.bmp,/vinbrain/huyta/data/POLYPS/CVC-EndoSceneStill/CVC-300/gtpolyp/10.bmp
11,/vinbrain/huyta/data/POLYPS/CVC-EndoSceneStill/CVC-300/bbdd/11.bmp,/vinbrain/huyta/data/POLYPS/CVC-EndoSceneStill/CVC-300/gtpolyp/11.bmp
12,/vinbrain/huyta/data/POLYPS/CVC-EndoSceneStill/CVC-300/bbdd/12.bmp,/vinbrain/huyta/data/POLYPS/CVC-EndoSceneStill/CVC-300/gtpolyp/12.bmp
13,/vinbrain/huyta/data/POLYPS/CVC-EndoSceneStill/CVC-300/bbdd/13.bmp,/vinbrain/huyta/data/POLYPS/CVC-EndoSceneStill/CVC-300/gtpolyp/13.bmp
14,/vinbrain/huyta/data/POLYPS/CVC-EndoSceneStill/CVC-300/bbdd/14.bmp,/vinbrain/huyta/data/POLYPS/CVC-EndoSceneStill/CVC-300/gtpolyp/14.bmp
15,/vinbrain/huyta/data/POLYPS/CVC-EndoSceneStill/CVC-300/bbdd/15.bmp,/vinbrain/huyta/data/POLYPS/CVC-EndoSceneStill/CVC-300/gtpolyp/15.bmp
16,/vinbrain/huyta/data/POLYPS/CVC-EndoSceneStill/CVC-300/bbdd/16.bmp,/vinbrain/huyta/data/POLYPS/CVC-EndoSceneStill/CVC-300/gtpolyp/16.bmp
17,/vinbrain/huyta/data/POLYPS/CVC-EndoSceneStill/CVC-300/bbdd/17.bmp,/vinbrain/huyta/data/POLYPS/CVC-EndoSceneStill/CVC-300/gtpolyp/17.bmp
18,/vinbrain/huyta/data/POLYPS/CVC-EndoSceneStill/CVC-300/bbdd/18.bmp,/vinbrain/huyta/data/POLYPS/CVC-EndoSceneStill/CVC-300/gtpolyp/18.bmp
19,/vinbrain/huyta/data/POLYPS/CVC-EndoSceneStill/CVC-300/bbdd/19.bmp,/vinbrain/huyta/data/POLYPS/CVC-EndoSceneStill/CVC-300/gtpolyp/19.bmp
20,/vinbrain/huyta/data/POLYPS/CVC-EndoSceneStill/CVC-300/bbdd/20.bmp,/vinbrain/huyta/data/POLYPS/CVC-EndoSceneStill/CVC-300/gtpolyp/20.bmp
21,/vinbrain/huyta/data/POLYPS/CVC-EndoSceneStill/CVC-300/bbdd/21.bmp,/vinbrain/huyta/data/POLYPS/CVC-EndoSceneStill/CVC-300/gtpolyp/21.bmp
22,/vinbrain/huyta/data/POLYPS/CVC-EndoSceneStill/CVC-300/bbdd/22.bmp,/vinbrain/huyta/data/POLYPS/CVC-EndoSceneStill/CVC-300/gtpolyp/22.bmp
23,/vinbrain/huyta/data/POLYPS/CVC-EndoSceneStill/CVC-300/bbdd/23.bmp,/vinbrain/huyta/data/POLYPS/CVC-EndoSceneStill/CVC-300/gtpolyp/23.bmp
24,/vinbrain/huyta/data/POLYPS/CVC-EndoSceneStill/CVC-300/bbdd/24.bmp,/vinbrain/huyta/data/POLYPS/CVC-EndoSceneStill/CVC-300/gtpolyp/24.bmp
25,/vinbrain/huyta/data/POLYPS/CVC-EndoSceneStill/CVC-300/bbdd/25.bmp,/vinbrain/huyta/data/POLYPS/CVC-EndoSceneStill/CVC-300/gtpolyp/25.bmp
26,/vinbrain/huyta/data/POLYPS/CVC-EndoSceneStill/CVC-300/bbdd/26.bmp,/vinbrain/huyta/data/POLYPS/CVC-EndoSceneStill/CVC-300/gtpolyp/26.bmp
27,/vinbrain/huyta/data/POLYPS/CVC-EndoSceneStill/CVC-300/bbdd/27.bmp,/vinbrain/huyta/data/POLYPS/CVC-EndoSceneStill/CVC-300/gtpolyp/27.bmp
28,/vinbrain/huyta/data/POLYPS/CVC-EndoSceneStill/CVC-300/bbdd/28.bmp,/vinbrain/huyta/data/POLYPS/CVC-EndoSceneStill/CVC-300/gtpolyp/28.bmp
29,/vinbrain/huyta/data/POLYPS/CVC-EndoSceneStill/CVC-300/bbdd/29.bmp,/vinbrain/huyta/data/POLYPS/CVC-EndoSceneStill/CVC-300/gtpolyp/29.bmp
30,/vinbrain/huyta/data/POLYPS/CVC-EndoSceneStill/CVC-300/bbdd/30.bmp,/vinbrain/huyta/data/POLYPS/CVC-EndoSceneStill/CVC-300/gtpolyp/30.bmp
31,/vinbrain/huyta/data/POLYPS/CVC-EndoSceneStill/CVC-300/bbdd/31.bmp,/vinbrain/huyta/data/POLYPS/CVC-EndoSceneStill/CVC-300/gtpolyp/31.bmp
32,/vinbrain/huyta/data/POLYPS/CVC-EndoSceneStill/CVC-300/bbdd/32.bmp,/vinbrain/huyta/data/POLYPS/CVC-EndoSceneStill/CVC-300/gtpolyp/32.bmp
33,/vinbrain/huyta/data/POLYPS/CVC-EndoSceneStill/CVC-300/bbdd/33.bmp,/vinbrain/huyta/data/POLYPS/CVC-EndoSceneStill/CVC-300/gtpolyp/33.bmp
34,/vinbrain/huyta/data/POLYPS/CVC-EndoSceneStill/CVC-300/bbdd/34.bmp,/vinbrain/huyta/data/POLYPS/CVC-EndoSceneStill/CVC-300/gtpolyp/34.bmp
35,/vinbrain/huyta/data/POLYPS/CVC-EndoSceneStill/CVC-300/bbdd/35.bmp,/vinbrain/huyta/data/POLYPS/CVC-EndoSceneStill/CVC-300/gtpolyp/35.bmp
36,/vinbrain/huyta/data/POLYPS/CVC-EndoSceneStill/CVC-300/bbdd/36.bmp,/vinbrain/huyta/data/POLYPS/CVC-EndoSceneStill/CVC-300/gtpolyp/36.bmp
37,/vinbrain/huyta/data/POLYPS/CVC-EndoSceneStill/CVC-300/bbdd/37.bmp,/vinbrain/huyta/data/POLYPS/CVC-EndoSceneStill/CVC-300/gtpolyp/37.bmp
38,/vinbrain/huyta/data/POLYPS/CVC-EndoSceneStill/CVC-300/bbdd/38.bmp,/vinbrain/huyta/data/POLYPS/CVC-EndoSceneStill/CVC-300/gtpolyp/38.bmp
39,/vinbrain/huyta/data/POLYPS/CVC-EndoSceneStill/CVC-300/bbdd/39.bmp,/vinbrain/huyta/data/POLYPS/CVC-EndoSceneStill/CVC-300/gtpolyp/39.bmp
40,/vinbrain/huyta/data/POLYPS/CVC-EndoSceneStill/CVC-300/bbdd/40.bmp,/vinbrain/huyta/data/POLYPS/CVC-EndoSceneStill/CVC-300/gtpolyp/40.bmp
41,/vinbrain/huyta/data/POLYPS/CVC-EndoSceneStill/CVC-300/bbdd/41.bmp,/vinbrain/huyta/data/POLYPS/CVC-EndoSceneStill/CVC-300/gtpolyp/41.bmp
42,/vinbrain/huyta/data/POLYPS/CVC-EndoSceneStill/CVC-300/bbdd/42.bmp,/vinbrain/huyta/data/POLYPS/CVC-EndoSceneStill/CVC-300/gtpolyp/42.bmp
43,/vinbrain/huyta/data/POLYPS/CVC-EndoSceneStill/CVC-300/bbdd/43.bmp,/vinbrain/huyta/data/POLYPS/CVC-EndoSceneStill/CVC-300/gtpolyp/43.bmp
44,/vinbrain/huyta/data/POLYPS/CVC-EndoSceneStill/CVC-300/bbdd/44.bmp,/vinbrain/huyta/data/POLYPS/CVC-EndoSceneStill/CVC-300/gtpolyp/44.bmp
45,/vinbrain/huyta/data/POLYPS/CVC-EndoSceneStill/CVC-300/bbdd/45.bmp,/vinbrain/huyta/data/POLYPS/CVC-EndoSceneStill/CVC-300/gtpolyp/45.bmp
46,/vinbrain/huyta/data/POLYPS/CVC-EndoSceneStill/CVC-300/bbdd/46.bmp,/vinbrain/huyta/data/POLYPS/CVC-EndoSceneStill/CVC-300/gtpolyp/46.bmp
47,/vinbrain/huyta/data/POLYPS/CVC-EndoSceneStill/CVC-300/bbdd/47.bmp,/vinbrain/huyta/data/POLYPS/CVC-EndoSceneStill/CVC-300/gtpolyp/47.bmp
48,/vinbrain/huyta/data/POLYPS/CVC-EndoSceneStill/CVC-300/bbdd/48.bmp,/vinbrain/huyta/data/POLYPS/CVC-EndoSceneStill/CVC-300/gtpolyp/48.bmp
49,/vinbrain/huyta/data/POLYPS/CVC-EndoSceneStill/CVC-300/bbdd/49.bmp,/vinbrain/huyta/data/POLYPS/CVC-EndoSceneStill/CVC-300/gtpolyp/49.bmp
50,/vinbrain/huyta/data/POLYPS/CVC-EndoSceneStill/CVC-300/bbdd/50.bmp,/vinbrain/huyta/data/POLYPS/CVC-EndoSceneStill/CVC-300/gtpolyp/50.bmp
51,/vinbrain/huyta/data/POLYPS/CVC-EndoSceneStill/CVC-300/bbdd/51.bmp,/vinbrain/huyta/data/POLYPS/CVC-EndoSceneStill/CVC-300/gtpolyp/51.bmp
52,/vinbrain/huyta/data/POLYPS/CVC-EndoSceneStill/CVC-300/bbdd/52.bmp,/vinbrain/huyta/data/POLYPS/CVC-EndoSceneStill/CVC-300/gtpolyp/52.bmp
53,/vinbrain/huyta/data/POLYPS/CVC-EndoSceneStill/CVC-300/bbdd/53.bmp,/vinbrain/huyta/data/POLYPS/CVC-EndoSceneStill/CVC-300/gtpolyp/53.bmp
54,/vinbrain/huyta/data/POLYPS/CVC-EndoSceneStill/CVC-300/bbdd/54.bmp,/vinbrain/huyta/data/POLYPS/CVC-EndoSceneStill/CVC-300/gtpolyp/54.bmp
55,/vinbrain/huyta/data/POLYPS/CVC-EndoSceneStill/CVC-300/bbdd/55.bmp,/vinbrain/huyta/data/POLYPS/CVC-EndoSceneStill/CVC-300/gtpolyp/55.bmp
56,/vinbrain/huyta/data/POLYPS/CVC-EndoSceneStill/CVC-300/bbdd/56.bmp,/vinbrain/huyta/data/POLYPS/CVC-EndoSceneStill/CVC-300/gtpolyp/56.bmp
57,/vinbrain/huyta/data/POLYPS/CVC-EndoSceneStill/CVC-300/bbdd/57.bmp,/vinbrain/huyta/data/POLYPS/CVC-EndoSceneStill/CVC-300/gtpolyp/57.bmp
58,/vinbrain/huyta/data/POLYPS/CVC-EndoSceneStill/CVC-300/bbdd/58.bmp,/vinbrain/huyta/data/POLYPS/CVC-EndoSceneStill/CVC-300/gtpolyp/58.bmp
59,/vinbrain/huyta/data/POLYPS/CVC-EndoSceneStill/CVC-300/bbdd/59.bmp,/vinbrain/huyta/data/POLYPS/CVC-EndoSceneStill/CVC-300/gtpolyp/59.bmp
60,/vinbrain/huyta/data/POLYPS/CVC-EndoSceneStill/CVC-300/bbdd/60.bmp,/vinbrain/huyta/data/POLYPS/CVC-EndoSceneStill/CVC-300/gtpolyp/60.bmp
61,/vinbrain/huyta/data/POLYPS/CVC-EndoSceneStill/CVC-300/bbdd/61.bmp,/vinbrain/huyta/data/POLYPS/CVC-EndoSceneStill/CVC-300/gtpolyp/61.bmp
62,/vinbrain/huyta/data/POLYPS/CVC-EndoSceneStill/CVC-300/bbdd/62.bmp,/vinbrain/huyta/data/POLYPS/CVC-EndoSceneStill/CVC-300/gtpolyp/62.bmp
63,/vinbrain/huyta/data/POLYPS/CVC-EndoSceneStill/CVC-300/bbdd/63.bmp,/vinbrain/huyta/data/POLYPS/CVC-EndoSceneStill/CVC-300/gtpolyp/63.bmp
64,/vinbrain/huyta/data/POLYPS/CVC-EndoSceneStill/CVC-300/bbdd/64.bmp,/vinbrain/huyta/data/POLYPS/CVC-EndoSceneStill/CVC-300/gtpolyp/64.bmp
65,/vinbrain/huyta/data/POLYPS/CVC-EndoSceneStill/CVC-300/bbdd/65.bmp,/vinbrain/huyta/data/POLYPS/CVC-EndoSceneStill/CVC-300/gtpolyp/65.bmp
66,/vinbrain/huyta/data/POLYPS/CVC-EndoSceneStill/CVC-300/bbdd/66.bmp,/vinbrain/huyta/data/POLYPS/CVC-EndoSceneStill/CVC-300/gtpolyp/66.bmp
67,/vinbrain/huyta/data/POLYPS/CVC-EndoSceneStill/CVC-300/bbdd/67.bmp,/vinbrain/huyta/data/POLYPS/CVC-EndoSceneStill/CVC-300/gtpolyp/67.bmp
68,/vinbrain/huyta/data/POLYPS/CVC-EndoSceneStill/CVC-300/bbdd/68.bmp,/vinbrain/huyta/data/POLYPS/CVC-EndoSceneStill/CVC-300/gtpolyp/68.bmp
69,/vinbrain/huyta/data/POLYPS/CVC-EndoSceneStill/CVC-300/bbdd/69.bmp,/vinbrain/huyta/data/POLYPS/CVC-EndoSceneStill/CVC-300/gtpolyp/69.bmp
70,/vinbrain/huyta/data/POLYPS/CVC-EndoSceneStill/CVC-300/bbdd/70.bmp,/vinbrain/huyta/data/POLYPS/CVC-EndoSceneStill/CVC-300/gtpolyp/70.bmp
71,/vinbrain/huyta/data/POLYPS/CVC-EndoSceneStill/CVC-300/bbdd/71.bmp,/vinbrain/huyta/data/POLYPS/CVC-EndoSceneStill/CVC-300/gtpolyp/71.bmp
72,/vinbrain/huyta/data/POLYPS/CVC-EndoSceneStill/CVC-300/bbdd/72.bmp,/vinbrain/huyta/data/POLYPS/CVC-EndoSceneStill/CVC-300/gtpolyp/72.bmp
73,/vinbrain/huyta/data/POLYPS/CVC-EndoSceneStill/CVC-300/bbdd/73.bmp,/vinbrain/huyta/data/POLYPS/CVC-EndoSceneStill/CVC-300/gtpolyp/73.bmp
74,/vinbrain/huyta/data/POLYPS/CVC-EndoSceneStill/CVC-300/bbdd/74.bmp,/vinbrain/huyta/data/POLYPS/CVC-EndoSceneStill/CVC-300/gtpolyp/74.bmp
75,/vinbrain/huyta/data/POLYPS/CVC-EndoSceneStill/CVC-300/bbdd/75.bmp,/vinbrain/huyta/data/POLYPS/CVC-EndoSceneStill/CVC-300/gtpolyp/75.bmp
76,/vinbrain/huyta/data/POLYPS/CVC-EndoSceneStill/CVC-300/bbdd/76.bmp,/vinbrain/huyta/data/POLYPS/CVC-EndoSceneStill/CVC-300/gtpolyp/76.bmp
98,/vinbrain/huyta/data/POLYPS/CVC-EndoSceneStill/CVC-300/bbdd/98.bmp,/vinbrain/huyta/data/POLYPS/CVC-EndoSceneStill/CVC-300/gtpolyp/98.bmp
99,/vinbrain/huyta/data/POLYPS/CVC-EndoSceneStill/CVC-300/bbdd/99.bmp,/vinbrain/huyta/data/POLYPS/CVC-EndoSceneStill/CVC-300/gtpolyp/99.bmp
100,/vinbrain/huyta/data/POLYPS/CVC-EndoSceneStill/CVC-300/bbdd/100.bmp,/vinbrain/huyta/data/POLYPS/CVC-EndoSceneStill/CVC-300/gtpolyp/100.bmp
101,/vinbrain/huyta/data/POLYPS/CVC-EndoSceneStill/CVC-300/bbdd/101.bmp,/vinbrain/huyta/data/POLYPS/CVC-EndoSceneStill/CVC-300/gtpolyp/101.bmp
102,/vinbrain/huyta/data/POLYPS/CVC-EndoSceneStill/CVC-300/bbdd/102.bmp,/vinbrain/huyta/data/POLYPS/CVC-EndoSceneStill/CVC-300/gtpolyp/102.bmp
103,/vinbrain/huyta/data/POLYPS/CVC-EndoSceneStill/CVC-300/bbdd/103.bmp,/vinbrain/huyta/data/POLYPS/CVC-EndoSceneStill/CVC-300/gtpolyp/103.bmp
104,/vinbrain/huyta/data/POLYPS/CVC-EndoSceneStill/CVC-300/bbdd/104.bmp,/vinbrain/huyta/data/POLYPS/CVC-EndoSceneStill/CVC-300/gtpolyp/104.bmp
105,/vinbrain/huyta/data/POLYPS/CVC-EndoSceneStill/CVC-300/bbdd/105.bmp,/vinbrain/huyta/data/POLYPS/CVC-EndoSceneStill/CVC-300/gtpolyp/105.bmp
106,/vinbrain/huyta/data/POLYPS/CVC-EndoSceneStill/CVC-300/bbdd/106.bmp,/vinbrain/huyta/data/POLYPS/CVC-EndoSceneStill/CVC-300/gtpolyp/106.bmp
107,/vinbrain/huyta/data/POLYPS/CVC-EndoSceneStill/CVC-300/bbdd/107.bmp,/vinbrain/huyta/data/POLYPS/CVC-EndoSceneStill/CVC-300/gtpolyp/107.bmp
108,/vinbrain/huyta/data/POLYPS/CVC-EndoSceneStill/CVC-300/bbdd/108.bmp,/vinbrain/huyta/data/POLYPS/CVC-EndoSceneStill/CVC-300/gtpolyp/108.bmp
109,/vinbrain/huyta/data/POLYPS/CVC-EndoSceneStill/CVC-300/bbdd/109.bmp,/vinbrain/huyta/data/POLYPS/CVC-EndoSceneStill/CVC-300/gtpolyp/109.bmp
110,/vinbrain/huyta/data/POLYPS/CVC-EndoSceneStill/CVC-300/bbdd/110.bmp,/vinbrain/huyta/data/POLYPS/CVC-EndoSceneStill/CVC-300/gtpolyp/110.bmp
111,/vinbrain/huyta/data/POLYPS/CVC-EndoSceneStill/CVC-300/bbdd/111.bmp,/vinbrain/huyta/data/POLYPS/CVC-EndoSceneStill/CVC-300/gtpolyp/111.bmp
112,/vinbrain/huyta/data/POLYPS/CVC-EndoSceneStill/CVC-300/bbdd/112.bmp,/vinbrain/huyta/data/POLYPS/CVC-EndoSceneStill/CVC-300/gtpolyp/112.bmp
113,/vinbrain/huyta/data/POLYPS/CVC-EndoSceneStill/CVC-300/bbdd/113.bmp,/vinbrain/huyta/data/POLYPS/CVC-EndoSceneStill/CVC-300/gtpolyp/113.bmp
114,/vinbrain/huyta/data/POLYPS/CVC-EndoSceneStill/CVC-300/bbdd/114.bmp,/vinbrain/huyta/data/POLYPS/CVC-EndoSceneStill/CVC-300/gtpolyp/114.bmp
115,/vinbrain/huyta/data/POLYPS/CVC-EndoSceneStill/CVC-300/bbdd/115.bmp,/vinbrain/huyta/data/POLYPS/CVC-EndoSceneStill/CVC-300/gtpolyp/115.bmp
116,/vinbrain/huyta/data/POLYPS/CVC-EndoSceneStill/CVC-300/bbdd/116.bmp,/vinbrain/huyta/data/POLYPS/CVC-EndoSceneStill/CVC-300/gtpolyp/116.bmp
117,/vinbrain/huyta/data/POLYPS/CVC-EndoSceneStill/CVC-300/bbdd/117.bmp,/vinbrain/huyta/data/POLYPS/CVC-EndoSceneStill/CVC-300/gtpolyp/117.bmp
118,/vinbrain/huyta/data/POLYPS/CVC-EndoSceneStill/CVC-300/bbdd/118.bmp,/vinbrain/huyta/data/POLYPS/CVC-EndoSceneStill/CVC-300/gtpolyp/118.bmp
119,/vinbrain/huyta/data/POLYPS/CVC-EndoSceneStill/CVC-300/bbdd/119.bmp,/vinbrain/huyta/data/POLYPS/CVC-EndoSceneStill/CVC-300/gtpolyp/119.bmp
120,/vinbrain/huyta/data/POLYPS/CVC-EndoSceneStill/CVC-300/bbdd/120.bmp,/vinbrain/huyta/data/POLYPS/CVC-EndoSceneStill/CVC-300/gtpolyp/120.bmp
121,/vinbrain/huyta/data/POLYPS/CVC-EndoSceneStill/CVC-300/bbdd/121.bmp,/vinbrain/huyta/data/POLYPS/CVC-EndoSceneStill/CVC-300/gtpolyp/121.bmp
122,/vinbrain/huyta/data/POLYPS/CVC-EndoSceneStill/CVC-300/bbdd/122.bmp,/vinbrain/huyta/data/POLYPS/CVC-EndoSceneStill/CVC-300/gtpolyp/122.bmp
123,/vinbrain/huyta/data/POLYPS/CVC-EndoSceneStill/CVC-300/bbdd/123.bmp,/vinbrain/huyta/data/POLYPS/CVC-EndoSceneStill/CVC-300/gtpolyp/123.bmp
124,/vinbrain/huyta/data/POLYPS/CVC-EndoSceneStill/CVC-300/bbdd/124.bmp,/vinbrain/huyta/data/POLYPS/CVC-EndoSceneStill/CVC-300/gtpolyp/124.bmp
125,/vinbrain/huyta/data/POLYPS/CVC-EndoSceneStill/CVC-300/bbdd/125.bmp,/vinbrain/huyta/data/POLYPS/CVC-EndoSceneStill/CVC-300/gtpolyp/125.bmp
126,/vinbrain/huyta/data/POLYPS/CVC-EndoSceneStill/CVC-300/bbdd/126.bmp,/vinbrain/huyta/data/POLYPS/CVC-EndoSceneStill/CVC-300/gtpolyp/126.bmp
127,/vinbrain/huyta/data/POLYPS/CVC-EndoSceneStill/CVC-300/bbdd/127.bmp,/vinbrain/huyta/data/POLYPS/CVC-EndoSceneStill/CVC-300/gtpolyp/127.bmp
128,/vinbrain/huyta/data/POLYPS/CVC-EndoSceneStill/CVC-300/bbdd/128.bmp,/vinbrain/huyta/data/POLYPS/CVC-EndoSceneStill/CVC-300/gtpolyp/128.bmp
129,/vinbrain/huyta/data/POLYPS/CVC-EndoSceneStill/CVC-300/bbdd/129.bmp,/vinbrain/huyta/data/POLYPS/CVC-EndoSceneStill/CVC-300/gtpolyp/129.bmp
130,/vinbrain/huyta/data/POLYPS/CVC-EndoSceneStill/CVC-300/bbdd/130.bmp,/vinbrain/huyta/data/POLYPS/CVC-EndoSceneStill/CVC-300/gtpolyp/130.bmp
131,/vinbrain/huyta/data/POLYPS/CVC-EndoSceneStill/CVC-300/bbdd/131.bmp,/vinbrain/huyta/data/POLYPS/CVC-EndoSceneStill/CVC-300/gtpolyp/131.bmp
132,/vinbrain/huyta/data/POLYPS/CVC-EndoSceneStill/CVC-300/bbdd/132.bmp,/vinbrain/huyta/data/POLYPS/CVC-EndoSceneStill/CVC-300/gtpolyp/132.bmp
133,/vinbrain/huyta/data/POLYPS/CVC-EndoSceneStill/CVC-300/bbdd/133.bmp,/vinbrain/huyta/data/POLYPS/CVC-EndoSceneStill/CVC-300/gtpolyp/133.bmp
134,/vinbrain/huyta/data/POLYPS/CVC-EndoSceneStill/CVC-300/bbdd/134.bmp,/vinbrain/huyta/data/POLYPS/CVC-EndoSceneStill/CVC-300/gtpolyp/134.bmp
135,/vinbrain/huyta/data/POLYPS/CVC-EndoSceneStill/CVC-300/bbdd/135.bmp,/vinbrain/huyta/data/POLYPS/CVC-EndoSceneStill/CVC-300/gtpolyp/135.bmp
136,/vinbrain/huyta/data/POLYPS/CVC-EndoSceneStill/CVC-300/bbdd/136.bmp,/vinbrain/huyta/data/POLYPS/CVC-EndoSceneStill/CVC-300/gtpolyp/136.bmp
137,/vinbrain/huyta/data/POLYPS/CVC-EndoSceneStill/CVC-300/bbdd/137.bmp,/vinbrain/huyta/data/POLYPS/CVC-EndoSceneStill/CVC-300/gtpolyp/137.bmp
138,/vinbrain/huyta/data/POLYPS/CVC-EndoSceneStill/CVC-300/bbdd/138.bmp,/vinbrain/huyta/data/POLYPS/CVC-EndoSceneStill/CVC-300/gtpolyp/138.bmp
139,/vinbrain/huyta/data/POLYPS/CVC-EndoSceneStill/CVC-300/bbdd/139.bmp,/vinbrain/huyta/data/POLYPS/CVC-EndoSceneStill/CVC-300/gtpolyp/139.bmp
140,/vinbrain/huyta/data/POLYPS/CVC-EndoSceneStill/CVC-300/bbdd/140.bmp,/vinbrain/huyta/data/POLYPS/CVC-EndoSceneStill/CVC-300/gtpolyp/140.bmp
141,/vinbrain/huyta/data/POLYPS/CVC-EndoSceneStill/CVC-300/bbdd/141.bmp,/vinbrain/huyta/data/POLYPS/CVC-EndoSceneStill/CVC-300/gtpolyp/141.bmp
142,/vinbrain/huyta/data/POLYPS/CVC-EndoSceneStill/CVC-300/bbdd/142.bmp,/vinbrain/huyta/data/POLYPS/CVC-EndoSceneStill/CVC-300/gtpolyp/142.bmp
143,/vinbrain/huyta/data/POLYPS/CVC-EndoSceneStill/CVC-300/bbdd/143.bmp,/vinbrain/huyta/data/POLYPS/CVC-EndoSceneStill/CVC-300/gtpolyp/143.bmp
144,/vinbrain/huyta/data/POLYPS/CVC-EndoSceneStill/CVC-300/bbdd/144.bmp,/vinbrain/huyta/data/POLYPS/CVC-EndoSceneStill/CVC-300/gtpolyp/144.bmp
145,/vinbrain/huyta/data/POLYPS/CVC-EndoSceneStill/CVC-300/bbdd/145.bmp,/vinbrain/huyta/data/POLYPS/CVC-EndoSceneStill/CVC-300/gtpolyp/145.bmp
146,/vinbrain/huyta/data/POLYPS/CVC-EndoSceneStill/CVC-300/bbdd/146.bmp,/vinbrain/huyta/data/POLYPS/CVC-EndoSceneStill/CVC-300/gtpolyp/146.bmp
147,/vinbrain/huyta/data/POLYPS/CVC-EndoSceneStill/CVC-300/bbdd/147.bmp,/vinbrain/huyta/data/POLYPS/CVC-EndoSceneStill/CVC-300/gtpolyp/147.bmp
148,/vinbrain/huyta/data/POLYPS/CVC-EndoSceneStill/CVC-300/bbdd/148.bmp,/vinbrain/huyta/data/POLYPS/CVC-EndoSceneStill/CVC-300/gtpolyp/148.bmp
221,/vinbrain/huyta/data/POLYPS/CVC-EndoSceneStill/CVC-300/bbdd/221.bmp,/vinbrain/huyta/data/POLYPS/CVC-EndoSceneStill/CVC-300/gtpolyp/221.bmp
222,/vinbrain/huyta/data/POLYPS/CVC-EndoSceneStill/CVC-300/bbdd/222.bmp,/vinbrain/huyta/data/POLYPS/CVC-EndoSceneStill/CVC-300/gtpolyp/222.bmp
223,/vinbrain/huyta/data/POLYPS/CVC-EndoSceneStill/CVC-300/bbdd/223.bmp,/vinbrain/huyta/data/POLYPS/CVC-EndoSceneStill/CVC-300/gtpolyp/223.bmp
224,/vinbrain/huyta/data/POLYPS/CVC-EndoSceneStill/CVC-300/bbdd/224.bmp,/vinbrain/huyta/data/POLYPS/CVC-EndoSceneStill/CVC-300/gtpolyp/224.bmp
225,/vinbrain/huyta/data/POLYPS/CVC-EndoSceneStill/CVC-300/bbdd/225.bmp,/vinbrain/huyta/data/POLYPS/CVC-EndoSceneStill/CVC-300/gtpolyp/225.bmp
226,/vinbrain/huyta/data/POLYPS/CVC-EndoSceneStill/CVC-300/bbdd/226.bmp,/vinbrain/huyta/data/POLYPS/CVC-EndoSceneStill/CVC-300/gtpolyp/226.bmp
227,/vinbrain/huyta/data/POLYPS/CVC-EndoSceneStill/CVC-300/bbdd/227.bmp,/vinbrain/huyta/data/POLYPS/CVC-EndoSceneStill/CVC-300/gtpolyp/227.bmp
228,/vinbrain/huyta/data/POLYPS/CVC-EndoSceneStill/CVC-300/bbdd/228.bmp,/vinbrain/huyta/data/POLYPS/CVC-EndoSceneStill/CVC-300/gtpolyp/228.bmp
229,/vinbrain/huyta/data/POLYPS/CVC-EndoSceneStill/CVC-300/bbdd/229.bmp,/vinbrain/huyta/data/POLYPS/CVC-EndoSceneStill/CVC-300/gtpolyp/229.bmp
230,/vinbrain/huyta/data/POLYPS/CVC-EndoSceneStill/CVC-300/bbdd/230.bmp,/vinbrain/huyta/data/POLYPS/CVC-EndoSceneStill/CVC-300/gtpolyp/230.bmp
231,/vinbrain/huyta/data/POLYPS/CVC-EndoSceneStill/CVC-300/bbdd/231.bmp,/vinbrain/huyta/data/POLYPS/CVC-EndoSceneStill/CVC-300/gtpolyp/231.bmp
232,/vinbrain/huyta/data/POLYPS/CVC-EndoSceneStill/CVC-300/bbdd/232.bmp,/vinbrain/huyta/data/POLYPS/CVC-EndoSceneStill/CVC-300/gtpolyp/232.bmp
233,/vinbrain/huyta/data/POLYPS/CVC-EndoSceneStill/CVC-300/bbdd/233.bmp,/vinbrain/huyta/data/POLYPS/CVC-EndoSceneStill/CVC-300/gtpolyp/233.bmp
234,/vinbrain/huyta/data/POLYPS/CVC-EndoSceneStill/CVC-300/bbdd/234.bmp,/vinbrain/huyta/data/POLYPS/CVC-EndoSceneStill/CVC-300/gtpolyp/234.bmp
235,/vinbrain/huyta/data/POLYPS/CVC-EndoSceneStill/CVC-300/bbdd/235.bmp,/vinbrain/huyta/data/POLYPS/CVC-EndoSceneStill/CVC-300/gtpolyp/235.bmp
236,/vinbrain/huyta/data/POLYPS/CVC-EndoSceneStill/CVC-300/bbdd/236.bmp,/vinbrain/huyta/data/POLYPS/CVC-EndoSceneStill/CVC-300/gtpolyp/236.bmp
237,/vinbrain/huyta/data/POLYPS/CVC-EndoSceneStill/CVC-300/bbdd/237.bmp,/vinbrain/huyta/data/POLYPS/CVC-EndoSceneStill/CVC-300/gtpolyp/237.bmp
238,/vinbrain/huyta/data/POLYPS/CVC-EndoSceneStill/CVC-300/bbdd/238.bmp,/vinbrain/huyta/data/POLYPS/CVC-EndoSceneStill/CVC-300/gtpolyp/238.bmp
239,/vinbrain/huyta/data/POLYPS/CVC-EndoSceneStill/CVC-300/bbdd/239.bmp,/vinbrain/huyta/data/POLYPS/CVC-EndoSceneStill/CVC-300/gtpolyp/239.bmp
240,/vinbrain/huyta/data/POLYPS/CVC-EndoSceneStill/CVC-300/bbdd/240.bmp,/vinbrain/huyta/data/POLYPS/CVC-EndoSceneStill/CVC-300/gtpolyp/240.bmp
241,/vinbrain/huyta/data/POLYPS/CVC-EndoSceneStill/CVC-300/bbdd/241.bmp,/vinbrain/huyta/data/POLYPS/CVC-EndoSceneStill/CVC-300/gtpolyp/241.bmp
242,/vinbrain/huyta/data/POLYPS/CVC-EndoSceneStill/CVC-300/bbdd/242.bmp,/vinbrain/huyta/data/POLYPS/CVC-EndoSceneStill/CVC-300/gtpolyp/242.bmp
243,/vinbrain/huyta/data/POLYPS/CVC-EndoSceneStill/CVC-300/bbdd/243.bmp,/vinbrain/huyta/data/POLYPS/CVC-EndoSceneStill/CVC-300/gtpolyp/243.bmp
244,/vinbrain/huyta/data/POLYPS/CVC-EndoSceneStill/CVC-300/bbdd/244.bmp,/vinbrain/huyta/data/POLYPS/CVC-EndoSceneStill/CVC-300/gtpolyp/244.bmp
245,/vinbrain/huyta/data/POLYPS/CVC-EndoSceneStill/CVC-300/bbdd/245.bmp,/vinbrain/huyta/data/POLYPS/CVC-EndoSceneStill/CVC-300/gtpolyp/245.bmp
246,/vinbrain/huyta/data/POLYPS/CVC-EndoSceneStill/CVC-300/bbdd/246.bmp,/vinbrain/huyta/data/POLYPS/CVC-EndoSceneStill/CVC-300/gtpolyp/246.bmp
247,/vinbrain/huyta/data/POLYPS/CVC-EndoSceneStill/CVC-300/bbdd/247.bmp,/vinbrain/huyta/data/POLYPS/CVC-EndoSceneStill/CVC-300/gtpolyp/247.bmp
248,/vinbrain/huyta/data/POLYPS/CVC-EndoSceneStill/CVC-300/bbdd/248.bmp,/vinbrain/huyta/data/POLYPS/CVC-EndoSceneStill/CVC-300/gtpolyp/248.bmp
249,/vinbrain/huyta/data/POLYPS/CVC-EndoSceneStill/CVC-300/bbdd/249.bmp,/vinbrain/huyta/data/POLYPS/CVC-EndoSceneStill/CVC-300/gtpolyp/249.bmp
250,/vinbrain/huyta/data/POLYPS/CVC-EndoSceneStill/CVC-300/bbdd/250.bmp,/vinbrain/huyta/data/POLYPS/CVC-EndoSceneStill/CVC-300/gtpolyp/250.bmp
251,/vinbrain/huyta/data/POLYPS/CVC-EndoSceneStill/CVC-300/bbdd/251.bmp,/vinbrain/huyta/data/POLYPS/CVC-EndoSceneStill/CVC-300/gtpolyp/251.bmp
252,/vinbrain/huyta/data/POLYPS/CVC-EndoSceneStill/CVC-300/bbdd/252.bmp,/vinbrain/huyta/data/POLYPS/CVC-EndoSceneStill/CVC-300/gtpolyp/252.bmp
253,/vinbrain/huyta/data/POLYPS/CVC-EndoSceneStill/CVC-300/bbdd/253.bmp,/vinbrain/huyta/data/POLYPS/CVC-EndoSceneStill/CVC-300/gtpolyp/253.bmp
254,/vinbrain/huyta/data/POLYPS/CVC-EndoSceneStill/CVC-300/bbdd/254.bmp,/vinbrain/huyta/data/POLYPS/CVC-EndoSceneStill/CVC-300/gtpolyp/254.bmp
255,/vinbrain/huyta/data/POLYPS/CVC-EndoSceneStill/CVC-300/bbdd/255.bmp,/vinbrain/huyta/data/POLYPS/CVC-EndoSceneStill/CVC-300/gtpolyp/255.bmp
256,/vinbrain/huyta/data/POLYPS/CVC-EndoSceneStill/CVC-300/bbdd/256.bmp,/vinbrain/huyta/data/POLYPS/CVC-EndoSceneStill/CVC-300/gtpolyp/256.bmp
257,/vinbrain/huyta/data/POLYPS/CVC-EndoSceneStill/CVC-300/bbdd/257.bmp,/vinbrain/huyta/data/POLYPS/CVC-EndoSceneStill/CVC-300/gtpolyp/257.bmp
258,/vinbrain/huyta/data/POLYPS/CVC-EndoSceneStill/CVC-300/bbdd/258.bmp,/vinbrain/huyta/data/POLYPS/CVC-EndoSceneStill/CVC-300/gtpolyp/258.bmp
259,/vinbrain/huyta/data/POLYPS/CVC-EndoSceneStill/CVC-300/bbdd/259.bmp,/vinbrain/huyta/data/POLYPS/CVC-EndoSceneStill/CVC-300/gtpolyp/259.bmp
260,/vinbrain/huyta/data/POLYPS/CVC-EndoSceneStill/CVC-300/bbdd/260.bmp,/vinbrain/huyta/data/POLYPS/CVC-EndoSceneStill/CVC-300/gtpolyp/260.bmp
261,/vinbrain/huyta/data/POLYPS/CVC-EndoSceneStill/CVC-300/bbdd/261.bmp,/vinbrain/huyta/data/POLYPS/CVC-EndoSceneStill/CVC-300/gtpolyp/261.bmp
262,/vinbrain/huyta/data/POLYPS/CVC-EndoSceneStill/CVC-300/bbdd/262.bmp,/vinbrain/huyta/data/POLYPS/CVC-EndoSceneStill/CVC-300/gtpolyp/262.bmp
263,/vinbrain/huyta/data/POLYPS/CVC-EndoSceneStill/CVC-300/bbdd/263.bmp,/vinbrain/huyta/data/POLYPS/CVC-EndoSceneStill/CVC-300/gtpolyp/263.bmp
264,/vinbrain/huyta/data/POLYPS/CVC-EndoSceneStill/CVC-300/bbdd/264.bmp,/vinbrain/huyta/data/POLYPS/CVC-EndoSceneStill/CVC-300/gtpolyp/264.bmp
265,/vinbrain/huyta/data/POLYPS/CVC-EndoSceneStill/CVC-300/bbdd/265.bmp,/vinbrain/huyta/data/POLYPS/CVC-EndoSceneStill/CVC-300/gtpolyp/265.bmp
266,/vinbrain/huyta/data/POLYPS/CVC-EndoSceneStill/CVC-300/bbdd/266.bmp,/vinbrain/huyta/data/POLYPS/CVC-EndoSceneStill/CVC-300/gtpolyp/266.bmp
267,/vinbrain/huyta/data/POLYPS/CVC-EndoSceneStill/CVC-300/bbdd/267.bmp,/vinbrain/huyta/data/POLYPS/CVC-EndoSceneStill/CVC-300/gtpolyp/267.bmp
268,/vinbrain/huyta/data/POLYPS/CVC-EndoSceneStill/CVC-300/bbdd/268.bmp,/vinbrain/huyta/data/POLYPS/CVC-EndoSceneStill/CVC-300/gtpolyp/268.bmp
269,/vinbrain/huyta/data/POLYPS/CVC-EndoSceneStill/CVC-300/bbdd/269.bmp,/vinbrain/huyta/data/POLYPS/CVC-EndoSceneStill/CVC-300/gtpolyp/269.bmp
270,/vinbrain/huyta/data/POLYPS/CVC-EndoSceneStill/CVC-300/bbdd/270.bmp,/vinbrain/huyta/data/POLYPS/CVC-EndoSceneStill/CVC-300/gtpolyp/270.bmp
271,/vinbrain/huyta/data/POLYPS/CVC-EndoSceneStill/CVC-300/bbdd/271.bmp,/vinbrain/huyta/data/POLYPS/CVC-EndoSceneStill/CVC-300/gtpolyp/271.bmp
272,/vinbrain/huyta/data/POLYPS/CVC-EndoSceneStill/CVC-300/bbdd/272.bmp,/vinbrain/huyta/data/POLYPS/CVC-EndoSceneStill/CVC-300/gtpolyp/272.bmp
273,/vinbrain/huyta/data/POLYPS/CVC-EndoSceneStill/CVC-300/bbdd/273.bmp,/vinbrain/huyta/data/POLYPS/CVC-EndoSceneStill/CVC-300/gtpolyp/273.bmp
26,/vinbrain/huyta/data/POLYPS/CVC-EndoSceneStill/CVC-612/bbdd/26.bmp,/vinbrain/huyta/data/POLYPS/CVC-EndoSceneStill/CVC-612/gtpolyp/26.tif
27,/vinbrain/huyta/data/POLYPS/CVC-EndoSceneStill/CVC-612/bbdd/27.bmp,/vinbrain/huyta/data/POLYPS/CVC-EndoSceneStill/CVC-612/gtpolyp/27.tif
28,/vinbrain/huyta/data/POLYPS/CVC-EndoSceneStill/CVC-612/bbdd/28.bmp,/vinbrain/huyta/data/POLYPS/CVC-EndoSceneStill/CVC-612/gtpolyp/28.tif
29,/vinbrain/huyta/data/POLYPS/CVC-EndoSceneStill/CVC-612/bbdd/29.bmp,/vinbrain/huyta/data/POLYPS/CVC-EndoSceneStill/CVC-612/gtpolyp/29.tif
30,/vinbrain/huyta/data/POLYPS/CVC-EndoSceneStill/CVC-612/bbdd/30.bmp,/vinbrain/huyta/data/POLYPS/CVC-EndoSceneStill/CVC-612/gtpolyp/30.tif
31,/vinbrain/huyta/data/POLYPS/CVC-EndoSceneStill/CVC-612/bbdd/31.bmp,/vinbrain/huyta/data/POLYPS/CVC-EndoSceneStill/CVC-612/gtpolyp/31.tif
32,/vinbrain/huyta/data/POLYPS/CVC-EndoSceneStill/CVC-612/bbdd/32.bmp,/vinbrain/huyta/data/POLYPS/CVC-EndoSceneStill/CVC-612/gtpolyp/32.tif
33,/vinbrain/huyta/data/POLYPS/CVC-EndoSceneStill/CVC-612/bbdd/33.bmp,/vinbrain/huyta/data/POLYPS/CVC-EndoSceneStill/CVC-612/gtpolyp/33.tif
34,/vinbrain/huyta/data/POLYPS/CVC-EndoSceneStill/CVC-612/bbdd/34.bmp,/vinbrain/huyta/data/POLYPS/CVC-EndoSceneStill/CVC-612/gtpolyp/34.tif
35,/vinbrain/huyta/data/POLYPS/CVC-EndoSceneStill/CVC-612/bbdd/35.bmp,/vinbrain/huyta/data/POLYPS/CVC-EndoSceneStill/CVC-612/gtpolyp/35.tif
36,/vinbrain/huyta/data/POLYPS/CVC-EndoSceneStill/CVC-612/bbdd/36.bmp,/vinbrain/huyta/data/POLYPS/CVC-EndoSceneStill/CVC-612/gtpolyp/36.tif
37,/vinbrain/huyta/data/POLYPS/CVC-EndoSceneStill/CVC-612/bbdd/37.bmp,/vinbrain/huyta/data/POLYPS/CVC-EndoSceneStill/CVC-612/gtpolyp/37.tif
38,/vinbrain/huyta/data/POLYPS/CVC-EndoSceneStill/CVC-612/bbdd/38.bmp,/vinbrain/huyta/data/POLYPS/CVC-EndoSceneStill/CVC-612/gtpolyp/38.tif
39,/vinbrain/huyta/data/POLYPS/CVC-EndoSceneStill/CVC-612/bbdd/39.bmp,/vinbrain/huyta/data/POLYPS/CVC-EndoSceneStill/CVC-612/gtpolyp/39.tif
40,/vinbrain/huyta/data/POLYPS/CVC-EndoSceneStill/CVC-612/bbdd/40.bmp,/vinbrain/huyta/data/POLYPS/CVC-EndoSceneStill/CVC-612/gtpolyp/40.tif
41,/vinbrain/huyta/data/POLYPS/CVC-EndoSceneStill/CVC-612/bbdd/41.bmp,/vinbrain/huyta/data/POLYPS/CVC-EndoSceneStill/CVC-612/gtpolyp/41.tif
42,/vinbrain/huyta/data/POLYPS/CVC-EndoSceneStill/CVC-612/bbdd/42.bmp,/vinbrain/huyta/data/POLYPS/CVC-EndoSceneStill/CVC-612/gtpolyp/42.tif
43,/vinbrain/huyta/data/POLYPS/CVC-EndoSceneStill/CVC-612/bbdd/43.bmp,/vinbrain/huyta/data/POLYPS/CVC-EndoSceneStill/CVC-612/gtpolyp/43.tif
44,/vinbrain/huyta/data/POLYPS/CVC-EndoSceneStill/CVC-612/bbdd/44.bmp,/vinbrain/huyta/data/POLYPS/CVC-EndoSceneStill/CVC-612/gtpolyp/44.tif
45,/vinbrain/huyta/data/POLYPS/CVC-EndoSceneStill/CVC-612/bbdd/45.bmp,/vinbrain/huyta/data/POLYPS/CVC-EndoSceneStill/CVC-612/gtpolyp/45.tif
46,/vinbrain/huyta/data/POLYPS/CVC-EndoSceneStill/CVC-612/bbdd/46.bmp,/vinbrain/huyta/data/POLYPS/CVC-EndoSceneStill/CVC-612/gtpolyp/46.tif
47,/vinbrain/huyta/data/POLYPS/CVC-EndoSceneStill/CVC-612/bbdd/47.bmp,/vinbrain/huyta/data/POLYPS/CVC-EndoSceneStill/CVC-612/gtpolyp/47.tif
48,/vinbrain/huyta/data/POLYPS/CVC-EndoSceneStill/CVC-612/bbdd/48.bmp,/vinbrain/huyta/data/POLYPS/CVC-EndoSceneStill/CVC-612/gtpolyp/48.tif
49,/vinbrain/huyta/data/POLYPS/CVC-EndoSceneStill/CVC-612/bbdd/49.bmp,/vinbrain/huyta/data/POLYPS/CVC-EndoSceneStill/CVC-612/gtpolyp/49.tif
50,/vinbrain/huyta/data/POLYPS/CVC-EndoSceneStill/CVC-612/bbdd/50.bmp,/vinbrain/huyta/data/POLYPS/CVC-EndoSceneStill/CVC-612/gtpolyp/50.tif
104,/vinbrain/huyta/data/POLYPS/CVC-EndoSceneStill/CVC-612/bbdd/104.bmp,/vinbrain/huyta/data/POLYPS/CVC-EndoSceneStill/CVC-612/gtpolyp/104.tif
105,/vinbrain/huyta/data/POLYPS/CVC-EndoSceneStill/CVC-612/bbdd/105.bmp,/vinbrain/huyta/data/POLYPS/CVC-EndoSceneStill/CVC-612/gtpolyp/105.tif
106,/vinbrain/huyta/data/POLYPS/CVC-EndoSceneStill/CVC-612/bbdd/106.bmp,/vinbrain/huyta/data/POLYPS/CVC-EndoSceneStill/CVC-612/gtpolyp/106.tif
107,/vinbrain/huyta/data/POLYPS/CVC-EndoSceneStill/CVC-612/bbdd/107.bmp,/vinbrain/huyta/data/POLYPS/CVC-EndoSceneStill/CVC-612/gtpolyp/107.tif
108,/vinbrain/huyta/data/POLYPS/CVC-EndoSceneStill/CVC-612/bbdd/108.bmp,/vinbrain/huyta/data/POLYPS/CVC-EndoSceneStill/CVC-612/gtpolyp/108.tif
109,/vinbrain/huyta/data/POLYPS/CVC-EndoSceneStill/CVC-612/bbdd/109.bmp,/vinbrain/huyta/data/POLYPS/CVC-EndoSceneStill/CVC-612/gtpolyp/109.tif
110,/vinbrain/huyta/data/POLYPS/CVC-EndoSceneStill/CVC-612/bbdd/110.bmp,/vinbrain/huyta/data/POLYPS/CVC-EndoSceneStill/CVC-612/gtpolyp/110.tif
111,/vinbrain/huyta/data/POLYPS/CVC-EndoSceneStill/CVC-612/bbdd/111.bmp,/vinbrain/huyta/data/POLYPS/CVC-EndoSceneStill/CVC-612/gtpolyp/111.tif
112,/vinbrain/huyta/data/POLYPS/CVC-EndoSceneStill/CVC-612/bbdd/112.bmp,/vinbrain/huyta/data/POLYPS/CVC-EndoSceneStill/CVC-612/gtpolyp/112.tif
113,/vinbrain/huyta/data/POLYPS/CVC-EndoSceneStill/CVC-612/bbdd/113.bmp,/vinbrain/huyta/data/POLYPS/CVC-EndoSceneStill/CVC-612/gtpolyp/113.tif
114,/vinbrain/huyta/data/POLYPS/CVC-EndoSceneStill/CVC-612/bbdd/114.bmp,/vinbrain/huyta/data/POLYPS/CVC-EndoSceneStill/CVC-612/gtpolyp/114.tif
115,/vinbrain/huyta/data/POLYPS/CVC-EndoSceneStill/CVC-612/bbdd/115.bmp,/vinbrain/huyta/data/POLYPS/CVC-EndoSceneStill/CVC-612/gtpolyp/115.tif
116,/vinbrain/huyta/data/POLYPS/CVC-EndoSceneStill/CVC-612/bbdd/116.bmp,/vinbrain/huyta/data/POLYPS/CVC-EndoSceneStill/CVC-612/gtpolyp/116.tif
117,/vinbrain/huyta/data/POLYPS/CVC-EndoSceneStill/CVC-612/bbdd/117.bmp,/vinbrain/huyta/data/POLYPS/CVC-EndoSceneStill/CVC-612/gtpolyp/117.tif
118,/vinbrain/huyta/data/POLYPS/CVC-EndoSceneStill/CVC-612/bbdd/118.bmp,/vinbrain/huyta/data/POLYPS/CVC-EndoSceneStill/CVC-612/gtpolyp/118.tif
119,/vinbrain/huyta/data/POLYPS/CVC-EndoSceneStill/CVC-612/bbdd/119.bmp,/vinbrain/huyta/data/POLYPS/CVC-EndoSceneStill/CVC-612/gtpolyp/119.tif
120,/vinbrain/huyta/data/POLYPS/CVC-EndoSceneStill/CVC-612/bbdd/120.bmp,/vinbrain/huyta/data/POLYPS/CVC-EndoSceneStill/CVC-612/gtpolyp/120.tif
121,/vinbrain/huyta/data/POLYPS/CVC-EndoSceneStill/CVC-612/bbdd/121.bmp,/vinbrain/huyta/data/POLYPS/CVC-EndoSceneStill/CVC-612/gtpolyp/121.tif
122,/vinbrain/huyta/data/POLYPS/CVC-EndoSceneStill/CVC-612/bbdd/122.bmp,/vinbrain/huyta/data/POLYPS/CVC-EndoSceneStill/CVC-612/gtpolyp/122.tif
123,/vinbrain/huyta/data/POLYPS/CVC-EndoSceneStill/CVC-612/bbdd/123.bmp,/vinbrain/huyta/data/POLYPS/CVC-EndoSceneStill/CVC-612/gtpolyp/123.tif
124,/vinbrain/huyta/data/POLYPS/CVC-EndoSceneStill/CVC-612/bbdd/124.bmp,/vinbrain/huyta/data/POLYPS/CVC-EndoSceneStill/CVC-612/gtpolyp/124.tif
125,/vinbrain/huyta/data/POLYPS/CVC-EndoSceneStill/CVC-612/bbdd/125.bmp,/vinbrain/huyta/data/POLYPS/CVC-EndoSceneStill/CVC-612/gtpolyp/125.tif
126,/vinbrain/huyta/data/POLYPS/CVC-EndoSceneStill/CVC-612/bbdd/126.bmp,/vinbrain/huyta/data/POLYPS/CVC-EndoSceneStill/CVC-612/gtpolyp/126.tif
178,/vinbrain/huyta/data/POLYPS/CVC-EndoSceneStill/CVC-612/bbdd/178.bmp,/vinbrain/huyta/data/POLYPS/CVC-EndoSceneStill/CVC-612/gtpolyp/178.tif
179,/vinbrain/huyta/data/POLYPS/CVC-EndoSceneStill/CVC-612/bbdd/179.bmp,/vinbrain/huyta/data/POLYPS/CVC-EndoSceneStill/CVC-612/gtpolyp/179.tif
180,/vinbrain/huyta/data/POLYPS/CVC-EndoSceneStill/CVC-612/bbdd/180.bmp,/vinbrain/huyta/data/POLYPS/CVC-EndoSceneStill/CVC-612/gtpolyp/180.tif
181,/vinbrain/huyta/data/POLYPS/CVC-EndoSceneStill/CVC-612/bbdd/181.bmp,/vinbrain/huyta/data/POLYPS/CVC-EndoSceneStill/CVC-612/gtpolyp/181.tif
182,/vinbrain/huyta/data/POLYPS/CVC-EndoSceneStill/CVC-612/bbdd/182.bmp,/vinbrain/huyta/data/POLYPS/CVC-EndoSceneStill/CVC-612/gtpolyp/182.tif
183,/vinbrain/huyta/data/POLYPS/CVC-EndoSceneStill/CVC-612/bbdd/183.bmp,/vinbrain/huyta/data/POLYPS/CVC-EndoSceneStill/CVC-612/gtpolyp/183.tif
184,/vinbrain/huyta/data/POLYPS/CVC-EndoSceneStill/CVC-612/bbdd/184.bmp,/vinbrain/huyta/data/POLYPS/CVC-EndoSceneStill/CVC-612/gtpolyp/184.tif
185,/vinbrain/huyta/data/POLYPS/CVC-EndoSceneStill/CVC-612/bbdd/185.bmp,/vinbrain/huyta/data/POLYPS/CVC-EndoSceneStill/CVC-612/gtpolyp/185.tif
186,/vinbrain/huyta/data/POLYPS/CVC-EndoSceneStill/CVC-612/bbdd/186.bmp,/vinbrain/huyta/data/POLYPS/CVC-EndoSceneStill/CVC-612/gtpolyp/186.tif
187,/vinbrain/huyta/data/POLYPS/CVC-EndoSceneStill/CVC-612/bbdd/187.bmp,/vinbrain/huyta/data/POLYPS/CVC-EndoSceneStill/CVC-612/gtpolyp/187.tif
188,/vinbrain/huyta/data/POLYPS/CVC-EndoSceneStill/CVC-612/bbdd/188.bmp,/vinbrain/huyta/data/POLYPS/CVC-EndoSceneStill/CVC-612/gtpolyp/188.tif
189,/vinbrain/huyta/data/POLYPS/CVC-EndoSceneStill/CVC-612/bbdd/189.bmp,/vinbrain/huyta/data/POLYPS/CVC-EndoSceneStill/CVC-612/gtpolyp/189.tif
190,/vinbrain/huyta/data/POLYPS/CVC-EndoSceneStill/CVC-612/bbdd/190.bmp,/vinbrain/huyta/data/POLYPS/CVC-EndoSceneStill/CVC-612/gtpolyp/190.tif
191,/vinbrain/huyta/data/POLYPS/CVC-EndoSceneStill/CVC-612/bbdd/191.bmp,/vinbrain/huyta/data/POLYPS/CVC-EndoSceneStill/CVC-612/gtpolyp/191.tif
192,/vinbrain/huyta/data/POLYPS/CVC-EndoSceneStill/CVC-612/bbdd/192.bmp,/vinbrain/huyta/data/POLYPS/CVC-EndoSceneStill/CVC-612/gtpolyp/192.tif
193,/vinbrain/huyta/data/POLYPS/CVC-EndoSceneStill/CVC-612/bbdd/193.bmp,/vinbrain/huyta/data/POLYPS/CVC-EndoSceneStill/CVC-612/gtpolyp/193.tif
194,/vinbrain/huyta/data/POLYPS/CVC-EndoSceneStill/CVC-612/bbdd/194.bmp,/vinbrain/huyta/data/POLYPS/CVC-EndoSceneStill/CVC-612/gtpolyp/194.tif
195,/vinbrain/huyta/data/POLYPS/CVC-EndoSceneStill/CVC-612/bbdd/195.bmp,/vinbrain/huyta/data/POLYPS/CVC-EndoSceneStill/CVC-612/gtpolyp/195.tif
196,/vinbrain/huyta/data/POLYPS/CVC-EndoSceneStill/CVC-612/bbdd/196.bmp,/vinbrain/huyta/data/POLYPS/CVC-EndoSceneStill/CVC-612/gtpolyp/196.tif
197,/vinbrain/huyta/data/POLYPS/CVC-EndoSceneStill/CVC-612/bbdd/197.bmp,/vinbrain/huyta/data/POLYPS/CVC-EndoSceneStill/CVC-612/gtpolyp/197.tif
198,/vinbrain/huyta/data/POLYPS/CVC-EndoSceneStill/CVC-612/bbdd/198.bmp,/vinbrain/huyta/data/POLYPS/CVC-EndoSceneStill/CVC-612/gtpolyp/198.tif
199,/vinbrain/huyta/data/POLYPS/CVC-EndoSceneStill/CVC-612/bbdd/199.bmp,/vinbrain/huyta/data/POLYPS/CVC-EndoSceneStill/CVC-612/gtpolyp/199.tif
200,/vinbrain/huyta/data/POLYPS/CVC-EndoSceneStill/CVC-612/bbdd/200.bmp,/vinbrain/huyta/data/POLYPS/CVC-EndoSceneStill/CVC-612/gtpolyp/200.tif
201,/vinbrain/huyta/data/POLYPS/CVC-EndoSceneStill/CVC-612/bbdd/201.bmp,/vinbrain/huyta/data/POLYPS/CVC-EndoSceneStill/CVC-612/gtpolyp/201.tif
202,/vinbrain/huyta/data/POLYPS/CVC-EndoSceneStill/CVC-612/bbdd/202.bmp,/vinbrain/huyta/data/POLYPS/CVC-EndoSceneStill/CVC-612/gtpolyp/202.tif
203,/vinbrain/huyta/data/POLYPS/CVC-EndoSceneStill/CVC-612/bbdd/203.bmp,/vinbrain/huyta/data/POLYPS/CVC-EndoSceneStill/CVC-612/gtpolyp/203.tif
204,/vinbrain/huyta/data/POLYPS/CVC-EndoSceneStill/CVC-612/bbdd/204.bmp,/vinbrain/huyta/data/POLYPS/CVC-EndoSceneStill/CVC-612/gtpolyp/204.tif
205,/vinbrain/huyta/data/POLYPS/CVC-EndoSceneStill/CVC-612/bbdd/205.bmp,/vinbrain/huyta/data/POLYPS/CVC-EndoSceneStill/CVC-612/gtpolyp/205.tif
206,/vinbrain/huyta/data/POLYPS/CVC-EndoSceneStill/CVC-612/bbdd/206.bmp,/vinbrain/huyta/data/POLYPS/CVC-EndoSceneStill/CVC-612/gtpolyp/206.tif
207,/vinbrain/huyta/data/POLYPS/CVC-EndoSceneStill/CVC-612/bbdd/207.bmp,/vinbrain/huyta/data/POLYPS/CVC-EndoSceneStill/CVC-612/gtpolyp/207.tif
208,/vinbrain/huyta/data/POLYPS/CVC-EndoSceneStill/CVC-612/bbdd/208.bmp,/vinbrain/huyta/data/POLYPS/CVC-EndoSceneStill/CVC-612/gtpolyp/208.tif
209,/vinbrain/huyta/data/POLYPS/CVC-EndoSceneStill/CVC-612/bbdd/209.bmp,/vinbrain/huyta/data/POLYPS/CVC-EndoSceneStill/CVC-612/gtpolyp/209.tif
210,/vinbrain/huyta/data/POLYPS/CVC-EndoSceneStill/CVC-612/bbdd/210.bmp,/vinbrain/huyta/data/POLYPS/CVC-EndoSceneStill/CVC-612/gtpolyp/210.tif
211,/vinbrain/huyta/data/POLYPS/CVC-EndoSceneStill/CVC-612/bbdd/211.bmp,/vinbrain/huyta/data/POLYPS/CVC-EndoSceneStill/CVC-612/gtpolyp/211.tif
212,/vinbrain/huyta/data/POLYPS/CVC-EndoSceneStill/CVC-612/bbdd/212.bmp,/vinbrain/huyta/data/POLYPS/CVC-EndoSceneStill/CVC-612/gtpolyp/212.tif
213,/vinbrain/huyta/data/POLYPS/CVC-EndoSceneStill/CVC-612/bbdd/213.bmp,/vinbrain/huyta/data/POLYPS/CVC-EndoSceneStill/CVC-612/gtpolyp/213.tif
214,/vinbrain/huyta/data/POLYPS/CVC-EndoSceneStill/CVC-612/bbdd/214.bmp,/vinbrain/huyta/data/POLYPS/CVC-EndoSceneStill/CVC-612/gtpolyp/214.tif
215,/vinbrain/huyta/data/POLYPS/CVC-EndoSceneStill/CVC-612/bbdd/215.bmp,/vinbrain/huyta/data/POLYPS/CVC-EndoSceneStill/CVC-612/gtpolyp/215.tif
216,/vinbrain/huyta/data/POLYPS/CVC-EndoSceneStill/CVC-612/bbdd/216.bmp,/vinbrain/huyta/data/POLYPS/CVC-EndoSceneStill/CVC-612/gtpolyp/216.tif
217,/vinbrain/huyta/data/POLYPS/CVC-EndoSceneStill/CVC-612/bbdd/217.bmp,/vinbrain/huyta/data/POLYPS/CVC-EndoSceneStill/CVC-612/gtpolyp/217.tif
218,/vinbrain/huyta/data/POLYPS/CVC-EndoSceneStill/CVC-612/bbdd/218.bmp,/vinbrain/huyta/data/POLYPS/CVC-EndoSceneStill/CVC-612/gtpolyp/218.tif
219,/vinbrain/huyta/data/POLYPS/CVC-EndoSceneStill/CVC-612/bbdd/219.bmp,/vinbrain/huyta/data/POLYPS/CVC-EndoSceneStill/CVC-612/gtpolyp/219.tif
220,/vinbrain/huyta/data/POLYPS/CVC-EndoSceneStill/CVC-612/bbdd/220.bmp,/vinbrain/huyta/data/POLYPS/CVC-EndoSceneStill/CVC-612/gtpolyp/220.tif
221,/vinbrain/huyta/data/POLYPS/CVC-EndoSceneStill/CVC-612/bbdd/221.bmp,/vinbrain/huyta/data/POLYPS/CVC-EndoSceneStill/CVC-612/gtpolyp/221.tif
222,/vinbrain/huyta/data/POLYPS/CVC-EndoSceneStill/CVC-612/bbdd/222.bmp,/vinbrain/huyta/data/POLYPS/CVC-EndoSceneStill/CVC-612/gtpolyp/222.tif
223,/vinbrain/huyta/data/POLYPS/CVC-EndoSceneStill/CVC-612/bbdd/223.bmp,/vinbrain/huyta/data/POLYPS/CVC-EndoSceneStill/CVC-612/gtpolyp/223.tif
224,/vinbrain/huyta/data/POLYPS/CVC-EndoSceneStill/CVC-612/bbdd/224.bmp,/vinbrain/huyta/data/POLYPS/CVC-EndoSceneStill/CVC-612/gtpolyp/224.tif
225,/vinbrain/huyta/data/POLYPS/CVC-EndoSceneStill/CVC-612/bbdd/225.bmp,/vinbrain/huyta/data/POLYPS/CVC-EndoSceneStill/CVC-612/gtpolyp/225.tif
226,/vinbrain/huyta/data/POLYPS/CVC-EndoSceneStill/CVC-612/bbdd/226.bmp,/vinbrain/huyta/data/POLYPS/CVC-EndoSceneStill/CVC-612/gtpolyp/226.tif
227,/vinbrain/huyta/data/POLYPS/CVC-EndoSceneStill/CVC-612/bbdd/227.bmp,/vinbrain/huyta/data/POLYPS/CVC-EndoSceneStill/CVC-612/gtpolyp/227.tif
253,/vinbrain/huyta/data/POLYPS/CVC-EndoSceneStill/CVC-612/bbdd/253.bmp,/vinbrain/huyta/data/POLYPS/CVC-EndoSceneStill/CVC-612/gtpolyp/253.tif
254,/vinbrain/huyta/data/POLYPS/CVC-EndoSceneStill/CVC-612/bbdd/254.bmp,/vinbrain/huyta/data/POLYPS/CVC-EndoSceneStill/CVC-612/gtpolyp/254.tif
255,/vinbrain/huyta/data/POLYPS/CVC-EndoSceneStill/CVC-612/bbdd/255.bmp,/vinbrain/huyta/data/POLYPS/CVC-EndoSceneStill/CVC-612/gtpolyp/255.tif
256,/vinbrain/huyta/data/POLYPS/CVC-EndoSceneStill/CVC-612/bbdd/256.bmp,/vinbrain/huyta/data/POLYPS/CVC-EndoSceneStill/CVC-612/gtpolyp/256.tif
257,/vinbrain/huyta/data/POLYPS/CVC-EndoSceneStill/CVC-612/bbdd/257.bmp,/vinbrain/huyta/data/POLYPS/CVC-EndoSceneStill/CVC-612/gtpolyp/257.tif
258,/vinbrain/huyta/data/POLYPS/CVC-EndoSceneStill/CVC-612/bbdd/258.bmp,/vinbrain/huyta/data/POLYPS/CVC-EndoSceneStill/CVC-612/gtpolyp/258.tif
259,/vinbrain/huyta/data/POLYPS/CVC-EndoSceneStill/CVC-612/bbdd/259.bmp,/vinbrain/huyta/data/POLYPS/CVC-EndoSceneStill/CVC-612/gtpolyp/259.tif
260,/vinbrain/huyta/data/POLYPS/CVC-EndoSceneStill/CVC-612/bbdd/260.bmp,/vinbrain/huyta/data/POLYPS/CVC-EndoSceneStill/CVC-612/gtpolyp/260.tif
261,/vinbrain/huyta/data/POLYPS/CVC-EndoSceneStill/CVC-612/bbdd/261.bmp,/vinbrain/huyta/data/POLYPS/CVC-EndoSceneStill/CVC-612/gtpolyp/261.tif
262,/vinbrain/huyta/data/POLYPS/CVC-EndoSceneStill/CVC-612/bbdd/262.bmp,/vinbrain/huyta/data/POLYPS/CVC-EndoSceneStill/CVC-612/gtpolyp/262.tif
263,/vinbrain/huyta/data/POLYPS/CVC-EndoSceneStill/CVC-612/bbdd/263.bmp,/vinbrain/huyta/data/POLYPS/CVC-EndoSceneStill/CVC-612/gtpolyp/263.tif
264,/vinbrain/huyta/data/POLYPS/CVC-EndoSceneStill/CVC-612/bbdd/264.bmp,/vinbrain/huyta/data/POLYPS/CVC-EndoSceneStill/CVC-612/gtpolyp/264.tif
265,/vinbrain/huyta/data/POLYPS/CVC-EndoSceneStill/CVC-612/bbdd/265.bmp,/vinbrain/huyta/data/POLYPS/CVC-EndoSceneStill/CVC-612/gtpolyp/265.tif
266,/vinbrain/huyta/data/POLYPS/CVC-EndoSceneStill/CVC-612/bbdd/266.bmp,/vinbrain/huyta/data/POLYPS/CVC-EndoSceneStill/CVC-612/gtpolyp/266.tif
267,/vinbrain/huyta/data/POLYPS/CVC-EndoSceneStill/CVC-612/bbdd/267.bmp,/vinbrain/huyta/data/POLYPS/CVC-EndoSceneStill/CVC-612/gtpolyp/267.tif
268,/vinbrain/huyta/data/POLYPS/CVC-EndoSceneStill/CVC-612/bbdd/268.bmp,/vinbrain/huyta/data/POLYPS/CVC-EndoSceneStill/CVC-612/gtpolyp/268.tif
269,/vinbrain/huyta/data/POLYPS/CVC-EndoSceneStill/CVC-612/bbdd/269.bmp,/vinbrain/huyta/data/POLYPS/CVC-EndoSceneStill/CVC-612/gtpolyp/269.tif
270,/vinbrain/huyta/data/POLYPS/CVC-EndoSceneStill/CVC-612/bbdd/270.bmp,/vinbrain/huyta/data/POLYPS/CVC-EndoSceneStill/CVC-612/gtpolyp/270.tif
271,/vinbrain/huyta/data/POLYPS/CVC-EndoSceneStill/CVC-612/bbdd/271.bmp,/vinbrain/huyta/data/POLYPS/CVC-EndoSceneStill/CVC-612/gtpolyp/271.tif
272,/vinbrain/huyta/data/POLYPS/CVC-EndoSceneStill/CVC-612/bbdd/272.bmp,/vinbrain/huyta/data/POLYPS/CVC-EndoSceneStill/CVC-612/gtpolyp/272.tif
273,/vinbrain/huyta/data/POLYPS/CVC-EndoSceneStill/CVC-612/bbdd/273.bmp,/vinbrain/huyta/data/POLYPS/CVC-EndoSceneStill/CVC-612/gtpolyp/273.tif
274,/vinbrain/huyta/data/POLYPS/CVC-EndoSceneStill/CVC-612/bbdd/274.bmp,/vinbrain/huyta/data/POLYPS/CVC-EndoSceneStill/CVC-612/gtpolyp/274.tif
275,/vinbrain/huyta/data/POLYPS/CVC-EndoSceneStill/CVC-612/bbdd/275.bmp,/vinbrain/huyta/data/POLYPS/CVC-EndoSceneStill/CVC-612/gtpolyp/275.tif
276,/vinbrain/huyta/data/POLYPS/CVC-EndoSceneStill/CVC-612/bbdd/276.bmp,/vinbrain/huyta/data/POLYPS/CVC-EndoSceneStill/CVC-612/gtpolyp/276.tif
277,/vinbrain/huyta/data/POLYPS/CVC-EndoSceneStill/CVC-612/bbdd/277.bmp,/vinbrain/huyta/data/POLYPS/CVC-EndoSceneStill/CVC-612/gtpolyp/277.tif
278,/vinbrain/huyta/data/POLYPS/CVC-EndoSceneStill/CVC-612/bbdd/278.bmp,/vinbrain/huyta/data/POLYPS/CVC-EndoSceneStill/CVC-612/gtpolyp/278.tif
279,/vinbrain/huyta/data/POLYPS/CVC-EndoSceneStill/CVC-612/bbdd/279.bmp,/vinbrain/huyta/data/POLYPS/CVC-EndoSceneStill/CVC-612/gtpolyp/279.tif
280,/vinbrain/huyta/data/POLYPS/CVC-EndoSceneStill/CVC-612/bbdd/280.bmp,/vinbrain/huyta/data/POLYPS/CVC-EndoSceneStill/CVC-612/gtpolyp/280.tif
281,/vinbrain/huyta/data/POLYPS/CVC-EndoSceneStill/CVC-612/bbdd/281.bmp,/vinbrain/huyta/data/POLYPS/CVC-EndoSceneStill/CVC-612/gtpolyp/281.tif
282,/vinbrain/huyta/data/POLYPS/CVC-EndoSceneStill/CVC-612/bbdd/282.bmp,/vinbrain/huyta/data/POLYPS/CVC-EndoSceneStill/CVC-612/gtpolyp/282.tif
283,/vinbrain/huyta/data/POLYPS/CVC-EndoSceneStill/CVC-612/bbdd/283.bmp,/vinbrain/huyta/data/POLYPS/CVC-EndoSceneStill/CVC-612/gtpolyp/283.tif
284,/vinbrain/huyta/data/POLYPS/CVC-EndoSceneStill/CVC-612/bbdd/284.bmp,/vinbrain/huyta/data/POLYPS/CVC-EndoSceneStill/CVC-612/gtpolyp/284.tif
285,/vinbrain/huyta/data/POLYPS/CVC-EndoSceneStill/CVC-612/bbdd/285.bmp,/vinbrain/huyta/data/POLYPS/CVC-EndoSceneStill/CVC-612/gtpolyp/285.tif
286,/vinbrain/huyta/data/POLYPS/CVC-EndoSceneStill/CVC-612/bbdd/286.bmp,/vinbrain/huyta/data/POLYPS/CVC-EndoSceneStill/CVC-612/gtpolyp/286.tif
287,/vinbrain/huyta/data/POLYPS/CVC-EndoSceneStill/CVC-612/bbdd/287.bmp,/vinbrain/huyta/data/POLYPS/CVC-EndoSceneStill/CVC-612/gtpolyp/287.tif
288,/vinbrain/huyta/data/POLYPS/CVC-EndoSceneStill/CVC-612/bbdd/288.bmp,/vinbrain/huyta/data/POLYPS/CVC-EndoSceneStill/CVC-612/gtpolyp/288.tif
289,/vinbrain/huyta/data/POLYPS/CVC-EndoSceneStill/CVC-612/bbdd/289.bmp,/vinbrain/huyta/data/POLYPS/CVC-EndoSceneStill/CVC-612/gtpolyp/289.tif
290,/vinbrain/huyta/data/POLYPS/CVC-EndoSceneStill/CVC-612/bbdd/290.bmp,/vinbrain/huyta/data/POLYPS/CVC-EndoSceneStill/CVC-612/gtpolyp/290.tif
291,/vinbrain/huyta/data/POLYPS/CVC-EndoSceneStill/CVC-612/bbdd/291.bmp,/vinbrain/huyta/data/POLYPS/CVC-EndoSceneStill/CVC-612/gtpolyp/291.tif
292,/vinbrain/huyta/data/POLYPS/CVC-EndoSceneStill/CVC-612/bbdd/292.bmp,/vinbrain/huyta/data/POLYPS/CVC-EndoSceneStill/CVC-612/gtpolyp/292.tif
293,/vinbrain/huyta/data/POLYPS/CVC-EndoSceneStill/CVC-612/bbdd/293.bmp,/vinbrain/huyta/data/POLYPS/CVC-EndoSceneStill/CVC-612/gtpolyp/293.tif
294,/vinbrain/huyta/data/POLYPS/CVC-EndoSceneStill/CVC-612/bbdd/294.bmp,/vinbrain/huyta/data/POLYPS/CVC-EndoSceneStill/CVC-612/gtpolyp/294.tif
295,/vinbrain/huyta/data/POLYPS/CVC-EndoSceneStill/CVC-612/bbdd/295.bmp,/vinbrain/huyta/data/POLYPS/CVC-EndoSceneStill/CVC-612/gtpolyp/295.tif
296,/vinbrain/huyta/data/POLYPS/CVC-EndoSceneStill/CVC-612/bbdd/296.bmp,/vinbrain/huyta/data/POLYPS/CVC-EndoSceneStill/CVC-612/gtpolyp/296.tif
297,/vinbrain/huyta/data/POLYPS/CVC-EndoSceneStill/CVC-612/bbdd/297.bmp,/vinbrain/huyta/data/POLYPS/CVC-EndoSceneStill/CVC-612/gtpolyp/297.tif
298,/vinbrain/huyta/data/POLYPS/CVC-EndoSceneStill/CVC-612/bbdd/298.bmp,/vinbrain/huyta/data/POLYPS/CVC-EndoSceneStill/CVC-612/gtpolyp/298.tif
299,/vinbrain/huyta/data/POLYPS/CVC-EndoSceneStill/CVC-612/bbdd/299.bmp,/vinbrain/huyta/data/POLYPS/CVC-EndoSceneStill/CVC-612/gtpolyp/299.tif
300,/vinbrain/huyta/data/POLYPS/CVC-EndoSceneStill/CVC-612/bbdd/300.bmp,/vinbrain/huyta/data/POLYPS/CVC-EndoSceneStill/CVC-612/gtpolyp/300.tif
301,/vinbrain/huyta/data/POLYPS/CVC-EndoSceneStill/CVC-612/bbdd/301.bmp,/vinbrain/huyta/data/POLYPS/CVC-EndoSceneStill/CVC-612/gtpolyp/301.tif
302,/vinbrain/huyta/data/POLYPS/CVC-EndoSceneStill/CVC-612/bbdd/302.bmp,/vinbrain/huyta/data/POLYPS/CVC-EndoSceneStill/CVC-612/gtpolyp/302.tif
303,/vinbrain/huyta/data/POLYPS/CVC-EndoSceneStill/CVC-612/bbdd/303.bmp,/vinbrain/huyta/data/POLYPS/CVC-EndoSceneStill/CVC-612/gtpolyp/303.tif
304,/vinbrain/huyta/data/POLYPS/CVC-EndoSceneStill/CVC-612/bbdd/304.bmp,/vinbrain/huyta/data/POLYPS/CVC-EndoSceneStill/CVC-612/gtpolyp/304.tif
305,/vinbrain/huyta/data/POLYPS/CVC-EndoSceneStill/CVC-612/bbdd/305.bmp,/vinbrain/huyta/data/POLYPS/CVC-EndoSceneStill/CVC-612/gtpolyp/305.tif
306,/vinbrain/huyta/data/POLYPS/CVC-EndoSceneStill/CVC-612/bbdd/306.bmp,/vinbrain/huyta/data/POLYPS/CVC-EndoSceneStill/CVC-612/gtpolyp/306.tif
307,/vinbrain/huyta/data/POLYPS/CVC-EndoSceneStill/CVC-612/bbdd/307.bmp,/vinbrain/huyta/data/POLYPS/CVC-EndoSceneStill/CVC-612/gtpolyp/307.tif
308,/vinbrain/huyta/data/POLYPS/CVC-EndoSceneStill/CVC-612/bbdd/308.bmp,/vinbrain/huyta/data/POLYPS/CVC-EndoSceneStill/CVC-612/gtpolyp/308.tif
309,/vinbrain/huyta/data/POLYPS/CVC-EndoSceneStill/CVC-612/bbdd/309.bmp,/vinbrain/huyta/data/POLYPS/CVC-EndoSceneStill/CVC-612/gtpolyp/309.tif
310,/vinbrain/huyta/data/POLYPS/CVC-EndoSceneStill/CVC-612/bbdd/310.bmp,/vinbrain/huyta/data/POLYPS/CVC-EndoSceneStill/CVC-612/gtpolyp/310.tif
311,/vinbrain/huyta/data/POLYPS/CVC-EndoSceneStill/CVC-612/bbdd/311.bmp,/vinbrain/huyta/data/POLYPS/CVC-EndoSceneStill/CVC-612/gtpolyp/311.tif
312,/vinbrain/huyta/data/POLYPS/CVC-EndoSceneStill/CVC-612/bbdd/312.bmp,/vinbrain/huyta/data/POLYPS/CVC-EndoSceneStill/CVC-612/gtpolyp/312.tif
313,/vinbrain/huyta/data/POLYPS/CVC-EndoSceneStill/CVC-612/bbdd/313.bmp,/vinbrain/huyta/data/POLYPS/CVC-EndoSceneStill/CVC-612/gtpolyp/313.tif
314,/vinbrain/huyta/data/POLYPS/CVC-EndoSceneStill/CVC-612/bbdd/314.bmp,/vinbrain/huyta/data/POLYPS/CVC-EndoSceneStill/CVC-612/gtpolyp/314.tif
315,/vinbrain/huyta/data/POLYPS/CVC-EndoSceneStill/CVC-612/bbdd/315.bmp,/vinbrain/huyta/data/POLYPS/CVC-EndoSceneStill/CVC-612/gtpolyp/315.tif
316,/vinbrain/huyta/data/POLYPS/CVC-EndoSceneStill/CVC-612/bbdd/316.bmp,/vinbrain/huyta/data/POLYPS/CVC-EndoSceneStill/CVC-612/gtpolyp/316.tif
317,/vinbrain/huyta/data/POLYPS/CVC-EndoSceneStill/CVC-612/bbdd/317.bmp,/vinbrain/huyta/data/POLYPS/CVC-EndoSceneStill/CVC-612/gtpolyp/317.tif
384,/vinbrain/huyta/data/POLYPS/CVC-EndoSceneStill/CVC-612/bbdd/384.bmp,/vinbrain/huyta/data/POLYPS/CVC-EndoSceneStill/CVC-612/gtpolyp/384.tif
385,/vinbrain/huyta/data/POLYPS/CVC-EndoSceneStill/CVC-612/bbdd/385.bmp,/vinbrain/huyta/data/POLYPS/CVC-EndoSceneStill/CVC-612/gtpolyp/385.tif
386,/vinbrain/huyta/data/POLYPS/CVC-EndoSceneStill/CVC-612/bbdd/386.bmp,/vinbrain/huyta/data/POLYPS/CVC-EndoSceneStill/CVC-612/gtpolyp/386.tif
387,/vinbrain/huyta/data/POLYPS/CVC-EndoSceneStill/CVC-612/bbdd/387.bmp,/vinbrain/huyta/data/POLYPS/CVC-EndoSceneStill/CVC-612/gtpolyp/387.tif
388,/vinbrain/huyta/data/POLYPS/CVC-EndoSceneStill/CVC-612/bbdd/388.bmp,/vinbrain/huyta/data/POLYPS/CVC-EndoSceneStill/CVC-612/gtpolyp/388.tif
389,/vinbrain/huyta/data/POLYPS/CVC-EndoSceneStill/CVC-612/bbdd/389.bmp,/vinbrain/huyta/data/POLYPS/CVC-EndoSceneStill/CVC-612/gtpolyp/389.tif
390,/vinbrain/huyta/data/POLYPS/CVC-EndoSceneStill/CVC-612/bbdd/390.bmp,/vinbrain/huyta/data/POLYPS/CVC-EndoSceneStill/CVC-612/gtpolyp/390.tif
391,/vinbrain/huyta/data/POLYPS/CVC-EndoSceneStill/CVC-612/bbdd/391.bmp,/vinbrain/huyta/data/POLYPS/CVC-EndoSceneStill/CVC-612/gtpolyp/391.tif
392,/vinbrain/huyta/data/POLYPS/CVC-EndoSceneStill/CVC-612/bbdd/392.bmp,/vinbrain/huyta/data/POLYPS/CVC-EndoSceneStill/CVC-612/gtpolyp/392.tif
393,/vinbrain/huyta/data/POLYPS/CVC-EndoSceneStill/CVC-612/bbdd/393.bmp,/vinbrain/huyta/data/POLYPS/CVC-EndoSceneStill/CVC-612/gtpolyp/393.tif
394,/vinbrain/huyta/data/POLYPS/CVC-EndoSceneStill/CVC-612/bbdd/394.bmp,/vinbrain/huyta/data/POLYPS/CVC-EndoSceneStill/CVC-612/gtpolyp/394.tif
395,/vinbrain/huyta/data/POLYPS/CVC-EndoSceneStill/CVC-612/bbdd/395.bmp,/vinbrain/huyta/data/POLYPS/CVC-EndoSceneStill/CVC-612/gtpolyp/395.tif
396,/vinbrain/huyta/data/POLYPS/CVC-EndoSceneStill/CVC-612/bbdd/396.bmp,/vinbrain/huyta/data/POLYPS/CVC-EndoSceneStill/CVC-612/gtpolyp/396.tif
397,/vinbrain/huyta/data/POLYPS/CVC-EndoSceneStill/CVC-612/bbdd/397.bmp,/vinbrain/huyta/data/POLYPS/CVC-EndoSceneStill/CVC-612/gtpolyp/397.tif
398,/vinbrain/huyta/data/POLYPS/CVC-EndoSceneStill/CVC-612/bbdd/398.bmp,/vinbrain/huyta/data/POLYPS/CVC-EndoSceneStill/CVC-612/gtpolyp/398.tif
399,/vinbrain/huyta/data/POLYPS/CVC-EndoSceneStill/CVC-612/bbdd/399.bmp,/vinbrain/huyta/data/POLYPS/CVC-EndoSceneStill/CVC-612/gtpolyp/399.tif
400,/vinbrain/huyta/data/POLYPS/CVC-EndoSceneStill/CVC-612/bbdd/400.bmp,/vinbrain/huyta/data/POLYPS/CVC-EndoSceneStill/CVC-612/gtpolyp/400.tif
401,/vinbrain/huyta/data/POLYPS/CVC-EndoSceneStill/CVC-612/bbdd/401.bmp,/vinbrain/huyta/data/POLYPS/CVC-EndoSceneStill/CVC-612/gtpolyp/401.tif
402,/vinbrain/huyta/data/POLYPS/CVC-EndoSceneStill/CVC-612/bbdd/402.bmp,/vinbrain/huyta/data/POLYPS/CVC-EndoSceneStill/CVC-612/gtpolyp/402.tif
403,/vinbrain/huyta/data/POLYPS/CVC-EndoSceneStill/CVC-612/bbdd/403.bmp,/vinbrain/huyta/data/POLYPS/CVC-EndoSceneStill/CVC-612/gtpolyp/403.tif
404,/vinbrain/huyta/data/POLYPS/CVC-EndoSceneStill/CVC-612/bbdd/404.bmp,/vinbrain/huyta/data/POLYPS/CVC-EndoSceneStill/CVC-612/gtpolyp/404.tif
405,/vinbrain/huyta/data/POLYPS/CVC-EndoSceneStill/CVC-612/bbdd/405.bmp,/vinbrain/huyta/data/POLYPS/CVC-EndoSceneStill/CVC-612/gtpolyp/405.tif
406,/vinbrain/huyta/data/POLYPS/CVC-EndoSceneStill/CVC-612/bbdd/406.bmp,/vinbrain/huyta/data/POLYPS/CVC-EndoSceneStill/CVC-612/gtpolyp/406.tif
407,/vinbrain/huyta/data/POLYPS/CVC-EndoSceneStill/CVC-612/bbdd/407.bmp,/vinbrain/huyta/data/POLYPS/CVC-EndoSceneStill/CVC-612/gtpolyp/407.tif
408,/vinbrain/huyta/data/POLYPS/CVC-EndoSceneStill/CVC-612/bbdd/408.bmp,/vinbrain/huyta/data/POLYPS/CVC-EndoSceneStill/CVC-612/gtpolyp/408.tif
409,/vinbrain/huyta/data/POLYPS/CVC-EndoSceneStill/CVC-612/bbdd/409.bmp,/vinbrain/huyta/data/POLYPS/CVC-EndoSceneStill/CVC-612/gtpolyp/409.tif
410,/vinbrain/huyta/data/POLYPS/CVC-EndoSceneStill/CVC-612/bbdd/410.bmp,/vinbrain/huyta/data/POLYPS/CVC-EndoSceneStill/CVC-612/gtpolyp/410.tif
411,/vinbrain/huyta/data/POLYPS/CVC-EndoSceneStill/CVC-612/bbdd/411.bmp,/vinbrain/huyta/data/POLYPS/CVC-EndoSceneStill/CVC-612/gtpolyp/411.tif
412,/vinbrain/huyta/data/POLYPS/CVC-EndoSceneStill/CVC-612/bbdd/412.bmp,/vinbrain/huyta/data/POLYPS/CVC-EndoSceneStill/CVC-612/gtpolyp/412.tif
413,/vinbrain/huyta/data/POLYPS/CVC-EndoSceneStill/CVC-612/bbdd/413.bmp,/vinbrain/huyta/data/POLYPS/CVC-EndoSceneStill/CVC-612/gtpolyp/413.tif
414,/vinbrain/huyta/data/POLYPS/CVC-EndoSceneStill/CVC-612/bbdd/414.bmp,/vinbrain/huyta/data/POLYPS/CVC-EndoSceneStill/CVC-612/gtpolyp/414.tif
415,/vinbrain/huyta/data/POLYPS/CVC-EndoSceneStill/CVC-612/bbdd/415.bmp,/vinbrain/huyta/data/POLYPS/CVC-EndoSceneStill/CVC-612/gtpolyp/415.tif
416,/vinbrain/huyta/data/POLYPS/CVC-EndoSceneStill/CVC-612/bbdd/416.bmp,/vinbrain/huyta/data/POLYPS/CVC-EndoSceneStill/CVC-612/gtpolyp/416.tif
417,/vinbrain/huyta/data/POLYPS/CVC-EndoSceneStill/CVC-612/bbdd/417.bmp,/vinbrain/huyta/data/POLYPS/CVC-EndoSceneStill/CVC-612/gtpolyp/417.tif
418,/vinbrain/huyta/data/POLYPS/CVC-EndoSceneStill/CVC-612/bbdd/418.bmp,/vinbrain/huyta/data/POLYPS/CVC-EndoSceneStill/CVC-612/gtpolyp/418.tif
419,/vinbrain/huyta/data/POLYPS/CVC-EndoSceneStill/CVC-612/bbdd/419.bmp,/vinbrain/huyta/data/POLYPS/CVC-EndoSceneStill/CVC-612/gtpolyp/419.tif
420,/vinbrain/huyta/data/POLYPS/CVC-EndoSceneStill/CVC-612/bbdd/420.bmp,/vinbrain/huyta/data/POLYPS/CVC-EndoSceneStill/CVC-612/gtpolyp/420.tif
421,/vinbrain/huyta/data/POLYPS/CVC-EndoSceneStill/CVC-612/bbdd/421.bmp,/vinbrain/huyta/data/POLYPS/CVC-EndoSceneStill/CVC-612/gtpolyp/421.tif
422,/vinbrain/huyta/data/POLYPS/CVC-EndoSceneStill/CVC-612/bbdd/422.bmp,/vinbrain/huyta/data/POLYPS/CVC-EndoSceneStill/CVC-612/gtpolyp/422.tif
423,/vinbrain/huyta/data/POLYPS/CVC-EndoSceneStill/CVC-612/bbdd/423.bmp,/vinbrain/huyta/data/POLYPS/CVC-EndoSceneStill/CVC-612/gtpolyp/423.tif
424,/vinbrain/huyta/data/POLYPS/CVC-EndoSceneStill/CVC-612/bbdd/424.bmp,/vinbrain/huyta/data/POLYPS/CVC-EndoSceneStill/CVC-612/gtpolyp/424.tif
425,/vinbrain/huyta/data/POLYPS/CVC-EndoSceneStill/CVC-612/bbdd/425.bmp,/vinbrain/huyta/data/POLYPS/CVC-EndoSceneStill/CVC-612/gtpolyp/425.tif
426,/vinbrain/huyta/data/POLYPS/CVC-EndoSceneStill/CVC-612/bbdd/426.bmp,/vinbrain/huyta/data/POLYPS/CVC-EndoSceneStill/CVC-612/gtpolyp/426.tif
427,/vinbrain/huyta/data/POLYPS/CVC-EndoSceneStill/CVC-612/bbdd/427.bmp,/vinbrain/huyta/data/POLYPS/CVC-EndoSceneStill/CVC-612/gtpolyp/427.tif
428,/vinbrain/huyta/data/POLYPS/CVC-EndoSceneStill/CVC-612/bbdd/428.bmp,/vinbrain/huyta/data/POLYPS/CVC-EndoSceneStill/CVC-612/gtpolyp/428.tif
429,/vinbrain/huyta/data/POLYPS/CVC-EndoSceneStill/CVC-612/bbdd/429.bmp,/vinbrain/huyta/data/POLYPS/CVC-EndoSceneStill/CVC-612/gtpolyp/429.tif
430,/vinbrain/huyta/data/POLYPS/CVC-EndoSceneStill/CVC-612/bbdd/430.bmp,/vinbrain/huyta/data/POLYPS/CVC-EndoSceneStill/CVC-612/gtpolyp/430.tif
431,/vinbrain/huyta/data/POLYPS/CVC-EndoSceneStill/CVC-612/bbdd/431.bmp,/vinbrain/huyta/data/POLYPS/CVC-EndoSceneStill/CVC-612/gtpolyp/431.tif
432,/vinbrain/huyta/data/POLYPS/CVC-EndoSceneStill/CVC-612/bbdd/432.bmp,/vinbrain/huyta/data/POLYPS/CVC-EndoSceneStill/CVC-612/gtpolyp/432.tif
433,/vinbrain/huyta/data/POLYPS/CVC-EndoSceneStill/CVC-612/bbdd/433.bmp,/vinbrain/huyta/data/POLYPS/CVC-EndoSceneStill/CVC-612/gtpolyp/433.tif
434,/vinbrain/huyta/data/POLYPS/CVC-EndoSceneStill/CVC-612/bbdd/434.bmp,/vinbrain/huyta/data/POLYPS/CVC-EndoSceneStill/CVC-612/gtpolyp/434.tif
435,/vinbrain/huyta/data/POLYPS/CVC-EndoSceneStill/CVC-612/bbdd/435.bmp,/vinbrain/huyta/data/POLYPS/CVC-EndoSceneStill/CVC-612/gtpolyp/435.tif
436,/vinbrain/huyta/data/POLYPS/CVC-EndoSceneStill/CVC-612/bbdd/436.bmp,/vinbrain/huyta/data/POLYPS/CVC-EndoSceneStill/CVC-612/gtpolyp/436.tif
437,/vinbrain/huyta/data/POLYPS/CVC-EndoSceneStill/CVC-612/bbdd/437.bmp,/vinbrain/huyta/data/POLYPS/CVC-EndoSceneStill/CVC-612/gtpolyp/437.tif
438,/vinbrain/huyta/data/POLYPS/CVC-EndoSceneStill/CVC-612/bbdd/438.bmp,/vinbrain/huyta/data/POLYPS/CVC-EndoSceneStill/CVC-612/gtpolyp/438.tif
439,/vinbrain/huyta/data/POLYPS/CVC-EndoSceneStill/CVC-612/bbdd/439.bmp,/vinbrain/huyta/data/POLYPS/CVC-EndoSceneStill/CVC-612/gtpolyp/439.tif
440,/vinbrain/huyta/data/POLYPS/CVC-EndoSceneStill/CVC-612/bbdd/440.bmp,/vinbrain/huyta/data/POLYPS/CVC-EndoSceneStill/CVC-612/gtpolyp/440.tif
441,/vinbrain/huyta/data/POLYPS/CVC-EndoSceneStill/CVC-612/bbdd/441.bmp,/vinbrain/huyta/data/POLYPS/CVC-EndoSceneStill/CVC-612/gtpolyp/441.tif
442,/vinbrain/huyta/data/POLYPS/CVC-EndoSceneStill/CVC-612/bbdd/442.bmp,/vinbrain/huyta/data/POLYPS/CVC-EndoSceneStill/CVC-612/gtpolyp/442.tif
443,/vinbrain/huyta/data/POLYPS/CVC-EndoSceneStill/CVC-612/bbdd/443.bmp,/vinbrain/huyta/data/POLYPS/CVC-EndoSceneStill/CVC-612/gtpolyp/443.tif
444,/vinbrain/huyta/data/POLYPS/CVC-EndoSceneStill/CVC-612/bbdd/444.bmp,/vinbrain/huyta/data/POLYPS/CVC-EndoSceneStill/CVC-612/gtpolyp/444.tif
445,/vinbrain/huyta/data/POLYPS/CVC-EndoSceneStill/CVC-612/bbdd/445.bmp,/vinbrain/huyta/data/POLYPS/CVC-EndoSceneStill/CVC-612/gtpolyp/445.tif
446,/vinbrain/huyta/data/POLYPS/CVC-EndoSceneStill/CVC-612/bbdd/446.bmp,/vinbrain/huyta/data/POLYPS/CVC-EndoSceneStill/CVC-612/gtpolyp/446.tif
447,/vinbrain/huyta/data/POLYPS/CVC-EndoSceneStill/CVC-612/bbdd/447.bmp,/vinbrain/huyta/data/POLYPS/CVC-EndoSceneStill/CVC-612/gtpolyp/447.tif
448,/vinbrain/huyta/data/POLYPS/CVC-EndoSceneStill/CVC-612/bbdd/448.bmp,/vinbrain/huyta/data/POLYPS/CVC-EndoSceneStill/CVC-612/gtpolyp/448.tif
449,/vinbrain/huyta/data/POLYPS/CVC-EndoSceneStill/CVC-612/bbdd/449.bmp,/vinbrain/huyta/data/POLYPS/CVC-EndoSceneStill/CVC-612/gtpolyp/449.tif
450,/vinbrain/huyta/data/POLYPS/CVC-EndoSceneStill/CVC-612/bbdd/450.bmp,/vinbrain/huyta/data/POLYPS/CVC-EndoSceneStill/CVC-612/gtpolyp/450.tif
451,/vinbrain/huyta/data/POLYPS/CVC-EndoSceneStill/CVC-612/bbdd/451.bmp,/vinbrain/huyta/data/POLYPS/CVC-EndoSceneStill/CVC-612/gtpolyp/451.tif
452,/vinbrain/huyta/data/POLYPS/CVC-EndoSceneStill/CVC-612/bbdd/452.bmp,/vinbrain/huyta/data/POLYPS/CVC-EndoSceneStill/CVC-612/gtpolyp/452.tif
453,/vinbrain/huyta/data/POLYPS/CVC-EndoSceneStill/CVC-612/bbdd/453.bmp,/vinbrain/huyta/data/POLYPS/CVC-EndoSceneStill/CVC-612/gtpolyp/453.tif
454,/vinbrain/huyta/data/POLYPS/CVC-EndoSceneStill/CVC-612/bbdd/454.bmp,/vinbrain/huyta/data/POLYPS/CVC-EndoSceneStill/CVC-612/gtpolyp/454.tif
455,/vinbrain/huyta/data/POLYPS/CVC-EndoSceneStill/CVC-612/bbdd/455.bmp,/vinbrain/huyta/data/POLYPS/CVC-EndoSceneStill/CVC-612/gtpolyp/455.tif
456,/vinbrain/huyta/data/POLYPS/CVC-EndoSceneStill/CVC-612/bbdd/456.bmp,/vinbrain/huyta/data/POLYPS/CVC-EndoSceneStill/CVC-612/gtpolyp/456.tif
457,/vinbrain/huyta/data/POLYPS/CVC-EndoSceneStill/CVC-612/bbdd/457.bmp,/vinbrain/huyta/data/POLYPS/CVC-EndoSceneStill/CVC-612/gtpolyp/457.tif
458,/vinbrain/huyta/data/POLYPS/CVC-EndoSceneStill/CVC-612/bbdd/458.bmp,/vinbrain/huyta/data/POLYPS/CVC-EndoSceneStill/CVC-612/gtpolyp/458.tif
459,/vinbrain/huyta/data/POLYPS/CVC-EndoSceneStill/CVC-612/bbdd/459.bmp,/vinbrain/huyta/data/POLYPS/CVC-EndoSceneStill/CVC-612/gtpolyp/459.tif
460,/vinbrain/huyta/data/POLYPS/CVC-EndoSceneStill/CVC-612/bbdd/460.bmp,/vinbrain/huyta/data/POLYPS/CVC-EndoSceneStill/CVC-612/gtpolyp/460.tif
461,/vinbrain/huyta/data/POLYPS/CVC-EndoSceneStill/CVC-612/bbdd/461.bmp,/vinbrain/huyta/data/POLYPS/CVC-EndoSceneStill/CVC-612/gtpolyp/461.tif
462,/vinbrain/huyta/data/POLYPS/CVC-EndoSceneStill/CVC-612/bbdd/462.bmp,/vinbrain/huyta/data/POLYPS/CVC-EndoSceneStill/CVC-612/gtpolyp/462.tif
463,/vinbrain/huyta/data/POLYPS/CVC-EndoSceneStill/CVC-612/bbdd/463.bmp,/vinbrain/huyta/data/POLYPS/CVC-EndoSceneStill/CVC-612/gtpolyp/463.tif
464,/vinbrain/huyta/data/POLYPS/CVC-EndoSceneStill/CVC-612/bbdd/464.bmp,/vinbrain/huyta/data/POLYPS/CVC-EndoSceneStill/CVC-612/gtpolyp/464.tif
465,/vinbrain/huyta/data/POLYPS/CVC-EndoSceneStill/CVC-612/bbdd/465.bmp,/vinbrain/huyta/data/POLYPS/CVC-EndoSceneStill/CVC-612/gtpolyp/465.tif
466,/vinbrain/huyta/data/POLYPS/CVC-EndoSceneStill/CVC-612/bbdd/466.bmp,/vinbrain/huyta/data/POLYPS/CVC-EndoSceneStill/CVC-612/gtpolyp/466.tif
467,/vinbrain/huyta/data/POLYPS/CVC-EndoSceneStill/CVC-612/bbdd/467.bmp,/vinbrain/huyta/data/POLYPS/CVC-EndoSceneStill/CVC-612/gtpolyp/467.tif
468,/vinbrain/huyta/data/POLYPS/CVC-EndoSceneStill/CVC-612/bbdd/468.bmp,/vinbrain/huyta/data/POLYPS/CVC-EndoSceneStill/CVC-612/gtpolyp/468.tif
469,/vinbrain/huyta/data/POLYPS/CVC-EndoSceneStill/CVC-612/bbdd/469.bmp,/vinbrain/huyta/data/POLYPS/CVC-EndoSceneStill/CVC-612/gtpolyp/469.tif
470,/vinbrain/huyta/data/POLYPS/CVC-EndoSceneStill/CVC-612/bbdd/470.bmp,/vinbrain/huyta/data/POLYPS/CVC-EndoSceneStill/CVC-612/gtpolyp/470.tif
471,/vinbrain/huyta/data/POLYPS/CVC-EndoSceneStill/CVC-612/bbdd/471.bmp,/vinbrain/huyta/data/POLYPS/CVC-EndoSceneStill/CVC-612/gtpolyp/471.tif
472,/vinbrain/huyta/data/POLYPS/CVC-EndoSceneStill/CVC-612/bbdd/472.bmp,/vinbrain/huyta/data/POLYPS/CVC-EndoSceneStill/CVC-612/gtpolyp/472.tif
473,/vinbrain/huyta/data/POLYPS/CVC-EndoSceneStill/CVC-612/bbdd/473.bmp,/vinbrain/huyta/data/POLYPS/CVC-EndoSceneStill/CVC-612/gtpolyp/473.tif
474,/vinbrain/huyta/data/POLYPS/CVC-EndoSceneStill/CVC-612/bbdd/474.bmp,/vinbrain/huyta/data/POLYPS/CVC-EndoSceneStill/CVC-612/gtpolyp/474.tif
475,/vinbrain/huyta/data/POLYPS/CVC-EndoSceneStill/CVC-612/bbdd/475.bmp,/vinbrain/huyta/data/POLYPS/CVC-EndoSceneStill/CVC-612/gtpolyp/475.tif
476,/vinbrain/huyta/data/POLYPS/CVC-EndoSceneStill/CVC-612/bbdd/476.bmp,/vinbrain/huyta/data/POLYPS/CVC-EndoSceneStill/CVC-612/gtpolyp/476.tif
477,/vinbrain/huyta/data/POLYPS/CVC-EndoSceneStill/CVC-612/bbdd/477.bmp,/vinbrain/huyta/data/POLYPS/CVC-EndoSceneStill/CVC-612/gtpolyp/477.tif
478,/vinbrain/huyta/data/POLYPS/CVC-EndoSceneStill/CVC-612/bbdd/478.bmp,/vinbrain/huyta/data/POLYPS/CVC-EndoSceneStill/CVC-612/gtpolyp/478.tif
479,/vinbrain/huyta/data/POLYPS/CVC-EndoSceneStill/CVC-612/bbdd/479.bmp,/vinbrain/huyta/data/POLYPS/CVC-EndoSceneStill/CVC-612/gtpolyp/479.tif
480,/vinbrain/huyta/data/POLYPS/CVC-EndoSceneStill/CVC-612/bbdd/480.bmp,/vinbrain/huyta/data/POLYPS/CVC-EndoSceneStill/CVC-612/gtpolyp/480.tif
481,/vinbrain/huyta/data/POLYPS/CVC-EndoSceneStill/CVC-612/bbdd/481.bmp,/vinbrain/huyta/data/POLYPS/CVC-EndoSceneStill/CVC-612/gtpolyp/481.tif
482,/vinbrain/huyta/data/POLYPS/CVC-EndoSceneStill/CVC-612/bbdd/482.bmp,/vinbrain/huyta/data/POLYPS/CVC-EndoSceneStill/CVC-612/gtpolyp/482.tif
483,/vinbrain/huyta/data/POLYPS/CVC-EndoSceneStill/CVC-612/bbdd/483.bmp,/vinbrain/huyta/data/POLYPS/CVC-EndoSceneStill/CVC-612/gtpolyp/483.tif
484,/vinbrain/huyta/data/POLYPS/CVC-EndoSceneStill/CVC-612/bbdd/484.bmp,/vinbrain/huyta/data/POLYPS/CVC-EndoSceneStill/CVC-612/gtpolyp/484.tif
485,/vinbrain/huyta/data/POLYPS/CVC-EndoSceneStill/CVC-612/bbdd/485.bmp,/vinbrain/huyta/data/POLYPS/CVC-EndoSceneStill/CVC-612/gtpolyp/485.tif
486,/vinbrain/huyta/data/POLYPS/CVC-EndoSceneStill/CVC-612/bbdd/486.bmp,/vinbrain/huyta/data/POLYPS/CVC-EndoSceneStill/CVC-612/gtpolyp/486.tif
487,/vinbrain/huyta/data/POLYPS/CVC-EndoSceneStill/CVC-612/bbdd/487.bmp,/vinbrain/huyta/data/POLYPS/CVC-EndoSceneStill/CVC-612/gtpolyp/487.tif
488,/vinbrain/huyta/data/POLYPS/CVC-EndoSceneStill/CVC-612/bbdd/488.bmp,/vinbrain/huyta/data/POLYPS/CVC-EndoSceneStill/CVC-612/gtpolyp/488.tif
489,/vinbrain/huyta/data/POLYPS/CVC-EndoSceneStill/CVC-612/bbdd/489.bmp,/vinbrain/huyta/data/POLYPS/CVC-EndoSceneStill/CVC-612/gtpolyp/489.tif
490,/vinbrain/huyta/data/POLYPS/CVC-EndoSceneStill/CVC-612/bbdd/490.bmp,/vinbrain/huyta/data/POLYPS/CVC-EndoSceneStill/CVC-612/gtpolyp/490.tif
491,/vinbrain/huyta/data/POLYPS/CVC-EndoSceneStill/CVC-612/bbdd/491.bmp,/vinbrain/huyta/data/POLYPS/CVC-EndoSceneStill/CVC-612/gtpolyp/491.tif
492,/vinbrain/huyta/data/POLYPS/CVC-EndoSceneStill/CVC-612/bbdd/492.bmp,/vinbrain/huyta/data/POLYPS/CVC-EndoSceneStill/CVC-612/gtpolyp/492.tif
493,/vinbrain/huyta/data/POLYPS/CVC-EndoSceneStill/CVC-612/bbdd/493.bmp,/vinbrain/huyta/data/POLYPS/CVC-EndoSceneStill/CVC-612/gtpolyp/493.tif
494,/vinbrain/huyta/data/POLYPS/CVC-EndoSceneStill/CVC-612/bbdd/494.bmp,/vinbrain/huyta/data/POLYPS/CVC-EndoSceneStill/CVC-612/gtpolyp/494.tif
495,/vinbrain/huyta/data/POLYPS/CVC-EndoSceneStill/CVC-612/bbdd/495.bmp,/vinbrain/huyta/data/POLYPS/CVC-EndoSceneStill/CVC-612/gtpolyp/495.tif
496,/vinbrain/huyta/data/POLYPS/CVC-EndoSceneStill/CVC-612/bbdd/496.bmp,/vinbrain/huyta/data/POLYPS/CVC-EndoSceneStill/CVC-612/gtpolyp/496.tif
497,/vinbrain/huyta/data/POLYPS/CVC-EndoSceneStill/CVC-612/bbdd/497.bmp,/vinbrain/huyta/data/POLYPS/CVC-EndoSceneStill/CVC-612/gtpolyp/497.tif
498,/vinbrain/huyta/data/POLYPS/CVC-EndoSceneStill/CVC-612/bbdd/498.bmp,/vinbrain/huyta/data/POLYPS/CVC-EndoSceneStill/CVC-612/gtpolyp/498.tif
499,/vinbrain/huyta/data/POLYPS/CVC-EndoSceneStill/CVC-612/bbdd/499.bmp,/vinbrain/huyta/data/POLYPS/CVC-EndoSceneStill/CVC-612/gtpolyp/499.tif
500,/vinbrain/huyta/data/POLYPS/CVC-EndoSceneStill/CVC-612/bbdd/500.bmp,/vinbrain/huyta/data/POLYPS/CVC-EndoSceneStill/CVC-612/gtpolyp/500.tif
501,/vinbrain/huyta/data/POLYPS/CVC-EndoSceneStill/CVC-612/bbdd/501.bmp,/vinbrain/huyta/data/POLYPS/CVC-EndoSceneStill/CVC-612/gtpolyp/501.tif
502,/vinbrain/huyta/data/POLYPS/CVC-EndoSceneStill/CVC-612/bbdd/502.bmp,/vinbrain/huyta/data/POLYPS/CVC-EndoSceneStill/CVC-612/gtpolyp/502.tif
503,/vinbrain/huyta/data/POLYPS/CVC-EndoSceneStill/CVC-612/bbdd/503.bmp,/vinbrain/huyta/data/POLYPS/CVC-EndoSceneStill/CVC-612/gtpolyp/503.tif
529,/vinbrain/huyta/data/POLYPS/CVC-EndoSceneStill/CVC-612/bbdd/529.bmp,/vinbrain/huyta/data/POLYPS/CVC-EndoSceneStill/CVC-612/gtpolyp/529.tif
530,/vinbrain/huyta/data/POLYPS/CVC-EndoSceneStill/CVC-612/bbdd/530.bmp,/vinbrain/huyta/data/POLYPS/CVC-EndoSceneStill/CVC-612/gtpolyp/530.tif
531,/vinbrain/huyta/data/POLYPS/CVC-EndoSceneStill/CVC-612/bbdd/531.bmp,/vinbrain/huyta/data/POLYPS/CVC-EndoSceneStill/CVC-612/gtpolyp/531.tif
532,/vinbrain/huyta/data/POLYPS/CVC-EndoSceneStill/CVC-612/bbdd/532.bmp,/vinbrain/huyta/data/POLYPS/CVC-EndoSceneStill/CVC-612/gtpolyp/532.tif
533,/vinbrain/huyta/data/POLYPS/CVC-EndoSceneStill/CVC-612/bbdd/533.bmp,/vinbrain/huyta/data/POLYPS/CVC-EndoSceneStill/CVC-612/gtpolyp/533.tif
534,/vinbrain/huyta/data/POLYPS/CVC-EndoSceneStill/CVC-612/bbdd/534.bmp,/vinbrain/huyta/data/POLYPS/CVC-EndoSceneStill/CVC-612/gtpolyp/534.tif
535,/vinbrain/huyta/data/POLYPS/CVC-EndoSceneStill/CVC-612/bbdd/535.bmp,/vinbrain/huyta/data/POLYPS/CVC-EndoSceneStill/CVC-612/gtpolyp/535.tif
536,/vinbrain/huyta/data/POLYPS/CVC-EndoSceneStill/CVC-612/bbdd/536.bmp,/vinbrain/huyta/data/POLYPS/CVC-EndoSceneStill/CVC-612/gtpolyp/536.tif
537,/vinbrain/huyta/data/POLYPS/CVC-EndoSceneStill/CVC-612/bbdd/537.bmp,/vinbrain/huyta/data/POLYPS/CVC-EndoSceneStill/CVC-612/gtpolyp/537.tif
538,/vinbrain/huyta/data/POLYPS/CVC-EndoSceneStill/CVC-612/bbdd/538.bmp,/vinbrain/huyta/data/POLYPS/CVC-EndoSceneStill/CVC-612/gtpolyp/538.tif
539,/vinbrain/huyta/data/POLYPS/CVC-EndoSceneStill/CVC-612/bbdd/539.bmp,/vinbrain/huyta/data/POLYPS/CVC-EndoSceneStill/CVC-612/gtpolyp/539.tif
540,/vinbrain/huyta/data/POLYPS/CVC-EndoSceneStill/CVC-612/bbdd/540.bmp,/vinbrain/huyta/data/POLYPS/CVC-EndoSceneStill/CVC-612/gtpolyp/540.tif
541,/vinbrain/huyta/data/POLYPS/CVC-EndoSceneStill/CVC-612/bbdd/541.bmp,/vinbrain/huyta/data/POLYPS/CVC-EndoSceneStill/CVC-612/gtpolyp/541.tif
542,/vinbrain/huyta/data/POLYPS/CVC-EndoSceneStill/CVC-612/bbdd/542.bmp,/vinbrain/huyta/data/POLYPS/CVC-EndoSceneStill/CVC-612/gtpolyp/542.tif
543,/vinbrain/huyta/data/POLYPS/CVC-EndoSceneStill/CVC-612/bbdd/543.bmp,/vinbrain/huyta/data/POLYPS/CVC-EndoSceneStill/CVC-612/gtpolyp/543.tif
544,/vinbrain/huyta/data/POLYPS/CVC-EndoSceneStill/CVC-612/bbdd/544.bmp,/vinbrain/huyta/data/POLYPS/CVC-EndoSceneStill/CVC-612/gtpolyp/544.tif
545,/vinbrain/huyta/data/POLYPS/CVC-EndoSceneStill/CVC-612/bbdd/545.bmp,/vinbrain/huyta/data/POLYPS/CVC-EndoSceneStill/CVC-612/gtpolyp/545.tif
546,/vinbrain/huyta/data/POLYPS/CVC-EndoSceneStill/CVC-612/bbdd/546.bmp,/vinbrain/huyta/data/POLYPS/CVC-EndoSceneStill/CVC-612/gtpolyp/546.tif
547,/vinbrain/huyta/data/POLYPS/CVC-EndoSceneStill/CVC-612/bbdd/547.bmp,/vinbrain/huyta/data/POLYPS/CVC-EndoSceneStill/CVC-612/gtpolyp/547.tif
548,/vinbrain/huyta/data/POLYPS/CVC-EndoSceneStill/CVC-612/bbdd/548.bmp,/vinbrain/huyta/data/POLYPS/CVC-EndoSceneStill/CVC-612/gtpolyp/548.tif
549,/vinbrain/huyta/data/POLYPS/CVC-EndoSceneStill/CVC-612/bbdd/549.bmp,/vinbrain/huyta/data/POLYPS/CVC-EndoSceneStill/CVC-612/gtpolyp/549.tif
550,/vinbrain/huyta/data/POLYPS/CVC-EndoSceneStill/CVC-612/bbdd/550.bmp,/vinbrain/huyta/data/POLYPS/CVC-EndoSceneStill/CVC-612/gtpolyp/550.tif
551,/vinbrain/huyta/data/POLYPS/CVC-EndoSceneStill/CVC-612/bbdd/551.bmp,/vinbrain/huyta/data/POLYPS/CVC-EndoSceneStill/CVC-612/gtpolyp/551.tif
552,/vinbrain/huyta/data/POLYPS/CVC-EndoSceneStill/CVC-612/bbdd/552.bmp,/vinbrain/huyta/data/POLYPS/CVC-EndoSceneStill/CVC-612/gtpolyp/552.tif
553,/vinbrain/huyta/data/POLYPS/CVC-EndoSceneStill/CVC-612/bbdd/553.bmp,/vinbrain/huyta/data/POLYPS/CVC-EndoSceneStill/CVC-612/gtpolyp/553.tif
554,/vinbrain/huyta/data/POLYPS/CVC-EndoSceneStill/CVC-612/bbdd/554.bmp,/vinbrain/huyta/data/POLYPS/CVC-EndoSceneStill/CVC-612/gtpolyp/554.tif
555,/vinbrain/huyta/data/POLYPS/CVC-EndoSceneStill/CVC-612/bbdd/555.bmp,/vinbrain/huyta/data/POLYPS/CVC-EndoSceneStill/CVC-612/gtpolyp/555.tif
556,/vinbrain/huyta/data/POLYPS/CVC-EndoSceneStill/CVC-612/bbdd/556.bmp,/vinbrain/huyta/data/POLYPS/CVC-EndoSceneStill/CVC-612/gtpolyp/556.tif
557,/vinbrain/huyta/data/POLYPS/CVC-EndoSceneStill/CVC-612/bbdd/557.bmp,/vinbrain/huyta/data/POLYPS/CVC-EndoSceneStill/CVC-612/gtpolyp/557.tif
558,/vinbrain/huyta/data/POLYPS/CVC-EndoSceneStill/CVC-612/bbdd/558.bmp,/vinbrain/huyta/data/POLYPS/CVC-EndoSceneStill/CVC-612/gtpolyp/558.tif
559,/vinbrain/huyta/data/POLYPS/CVC-EndoSceneStill/CVC-612/bbdd/559.bmp,/vinbrain/huyta/data/POLYPS/CVC-EndoSceneStill/CVC-612/gtpolyp/559.tif
560,/vinbrain/huyta/data/POLYPS/CVC-EndoSceneStill/CVC-612/bbdd/560.bmp,/vinbrain/huyta/data/POLYPS/CVC-EndoSceneStill/CVC-612/gtpolyp/560.tif
561,/vinbrain/huyta/data/POLYPS/CVC-EndoSceneStill/CVC-612/bbdd/561.bmp,/vinbrain/huyta/data/POLYPS/CVC-EndoSceneStill/CVC-612/gtpolyp/561.tif
562,/vinbrain/huyta/data/POLYPS/CVC-EndoSceneStill/CVC-612/bbdd/562.bmp,/vinbrain/huyta/data/POLYPS/CVC-EndoSceneStill/CVC-612/gtpolyp/562.tif
563,/vinbrain/huyta/data/POLYPS/CVC-EndoSceneStill/CVC-612/bbdd/563.bmp,/vinbrain/huyta/data/POLYPS/CVC-EndoSceneStill/CVC-612/gtpolyp/563.tif
564,/vinbrain/huyta/data/POLYPS/CVC-EndoSceneStill/CVC-612/bbdd/564.bmp,/vinbrain/huyta/data/POLYPS/CVC-EndoSceneStill/CVC-612/gtpolyp/564.tif
565,/vinbrain/huyta/data/POLYPS/CVC-EndoSceneStill/CVC-612/bbdd/565.bmp,/vinbrain/huyta/data/POLYPS/CVC-EndoSceneStill/CVC-612/gtpolyp/565.tif
566,/vinbrain/huyta/data/POLYPS/CVC-EndoSceneStill/CVC-612/bbdd/566.bmp,/vinbrain/huyta/data/POLYPS/CVC-EndoSceneStill/CVC-612/gtpolyp/566.tif
567,/vinbrain/huyta/data/POLYPS/CVC-EndoSceneStill/CVC-612/bbdd/567.bmp,/vinbrain/huyta/data/POLYPS/CVC-EndoSceneStill/CVC-612/gtpolyp/567.tif
568,/vinbrain/huyta/data/POLYPS/CVC-EndoSceneStill/CVC-612/bbdd/568.bmp,/vinbrain/huyta/data/POLYPS/CVC-EndoSceneStill/CVC-612/gtpolyp/568.tif
569,/vinbrain/huyta/data/POLYPS/CVC-EndoSceneStill/CVC-612/bbdd/569.bmp,/vinbrain/huyta/data/POLYPS/CVC-EndoSceneStill/CVC-612/gtpolyp/569.tif
570,/vinbrain/huyta/data/POLYPS/CVC-EndoSceneStill/CVC-612/bbdd/570.bmp,/vinbrain/huyta/data/POLYPS/CVC-EndoSceneStill/CVC-612/gtpolyp/570.tif
571,/vinbrain/huyta/data/POLYPS/CVC-EndoSceneStill/CVC-612/bbdd/571.bmp,/vinbrain/huyta/data/POLYPS/CVC-EndoSceneStill/CVC-612/gtpolyp/571.tif
572,/vinbrain/huyta/data/POLYPS/CVC-EndoSceneStill/CVC-612/bbdd/572.bmp,/vinbrain/huyta/data/POLYPS/CVC-EndoSceneStill/CVC-612/gtpolyp/572.tif
573,/vinbrain/huyta/data/POLYPS/CVC-EndoSceneStill/CVC-612/bbdd/573.bmp,/vinbrain/huyta/data/POLYPS/CVC-EndoSceneStill/CVC-612/gtpolyp/573.tif
574,/vinbrain/huyta/data/POLYPS/CVC-EndoSceneStill/CVC-612/bbdd/574.bmp,/vinbrain/huyta/data/POLYPS/CVC-EndoSceneStill/CVC-612/gtpolyp/574.tif
575,/vinbrain/huyta/data/POLYPS/CVC-EndoSceneStill/CVC-612/bbdd/575.bmp,/vinbrain/huyta/data/POLYPS/CVC-EndoSceneStill/CVC-612/gtpolyp/575.tif
576,/vinbrain/huyta/data/POLYPS/CVC-EndoSceneStill/CVC-612/bbdd/576.bmp,/vinbrain/huyta/data/POLYPS/CVC-EndoSceneStill/CVC-612/gtpolyp/576.tif
577,/vinbrain/huyta/data/POLYPS/CVC-EndoSceneStill/CVC-612/bbdd/577.bmp,/vinbrain/huyta/data/POLYPS/CVC-EndoSceneStill/CVC-612/gtpolyp/577.tif
578,/vinbrain/huyta/data/POLYPS/CVC-EndoSceneStill/CVC-612/bbdd/578.bmp,/vinbrain/huyta/data/POLYPS/CVC-EndoSceneStill/CVC-612/gtpolyp/578.tif
579,/vinbrain/huyta/data/POLYPS/CVC-EndoSceneStill/CVC-612/bbdd/579.bmp,/vinbrain/huyta/data/POLYPS/CVC-EndoSceneStill/CVC-612/gtpolyp/579.tif
580,/vinbrain/huyta/data/POLYPS/CVC-EndoSceneStill/CVC-612/bbdd/580.bmp,/vinbrain/huyta/data/POLYPS/CVC-EndoSceneStill/CVC-612/gtpolyp/580.tif
581,/vinbrain/huyta/data/POLYPS/CVC-EndoSceneStill/CVC-612/bbdd/581.bmp,/vinbrain/huyta/data/POLYPS/CVC-EndoSceneStill/CVC-612/gtpolyp/581.tif
582,/vinbrain/huyta/data/POLYPS/CVC-EndoSceneStill/CVC-612/bbdd/582.bmp,/vinbrain/huyta/data/POLYPS/CVC-EndoSceneStill/CVC-612/gtpolyp/582.tif
583,/vinbrain/huyta/data/POLYPS/CVC-EndoSceneStill/CVC-612/bbdd/583.bmp,/vinbrain/huyta/data/POLYPS/CVC-EndoSceneStill/CVC-612/gtpolyp/583.tif
584,/vinbrain/huyta/data/POLYPS/CVC-EndoSceneStill/CVC-612/bbdd/584.bmp,/vinbrain/huyta/data/POLYPS/CVC-EndoSceneStill/CVC-612/gtpolyp/584.tif
585,/vinbrain/huyta/data/POLYPS/CVC-EndoSceneStill/CVC-612/bbdd/585.bmp,/vinbrain/huyta/data/POLYPS/CVC-EndoSceneStill/CVC-612/gtpolyp/585.tif
586,/vinbrain/huyta/data/POLYPS/CVC-EndoSceneStill/CVC-612/bbdd/586.bmp,/vinbrain/huyta/data/POLYPS/CVC-EndoSceneStill/CVC-612/gtpolyp/586.tif
587,/vinbrain/huyta/data/POLYPS/CVC-EndoSceneStill/CVC-612/bbdd/587.bmp,/vinbrain/huyta/data/POLYPS/CVC-EndoSceneStill/CVC-612/gtpolyp/587.tif
588,/vinbrain/huyta/data/POLYPS/CVC-EndoSceneStill/CVC-612/bbdd/588.bmp,/vinbrain/huyta/data/POLYPS/CVC-EndoSceneStill/CVC-612/gtpolyp/588.tif
589,/vinbrain/huyta/data/POLYPS/CVC-EndoSceneStill/CVC-612/bbdd/589.bmp,/vinbrain/huyta/data/POLYPS/CVC-EndoSceneStill/CVC-612/gtpolyp/589.tif
590,/vinbrain/huyta/data/POLYPS/CVC-EndoSceneStill/CVC-612/bbdd/590.bmp,/vinbrain/huyta/data/POLYPS/CVC-EndoSceneStill/CVC-612/gtpolyp/590.tif
591,/vinbrain/huyta/data/POLYPS/CVC-EndoSceneStill/CVC-612/bbdd/591.bmp,/vinbrain/huyta/data/POLYPS/CVC-EndoSceneStill/CVC-612/gtpolyp/591.tif
592,/vinbrain/huyta/data/POLYPS/CVC-EndoSceneStill/CVC-612/bbdd/592.bmp,/vinbrain/huyta/data/POLYPS/CVC-EndoSceneStill/CVC-612/gtpolyp/592.tif
593,/vinbrain/huyta/data/POLYPS/CVC-EndoSceneStill/CVC-612/bbdd/593.bmp,/vinbrain/huyta/data/POLYPS/CVC-EndoSceneStill/CVC-612/gtpolyp/593.tif
594,/vinbrain/huyta/data/POLYPS/CVC-EndoSceneStill/CVC-612/bbdd/594.bmp,/vinbrain/huyta/data/POLYPS/CVC-EndoSceneStill/CVC-612/gtpolyp/594.tif
595,/vinbrain/huyta/data/POLYPS/CVC-EndoSceneStill/CVC-612/bbdd/595.bmp,/vinbrain/huyta/data/POLYPS/CVC-EndoSceneStill/CVC-612/gtpolyp/595.tif
596,/vinbrain/huyta/data/POLYPS/CVC-EndoSceneStill/CVC-612/bbdd/596.bmp,/vinbrain/huyta/data/POLYPS/CVC-EndoSceneStill/CVC-612/gtpolyp/596.tif
597,/vinbrain/huyta/data/POLYPS/CVC-EndoSceneStill/CVC-612/bbdd/597.bmp,/vinbrain/huyta/data/POLYPS/CVC-EndoSceneStill/CVC-612/gtpolyp/597.tif
598,/vinbrain/huyta/data/POLYPS/CVC-EndoSceneStill/CVC-612/bbdd/598.bmp,/vinbrain/huyta/data/POLYPS/CVC-EndoSceneStill/CVC-612/gtpolyp/598.tif
599,/vinbrain/huyta/data/POLYPS/CVC-EndoSceneStill/CVC-612/bbdd/599.bmp,/vinbrain/huyta/data/POLYPS/CVC-EndoSceneStill/CVC-612/gtpolyp/599.tif
600,/vinbrain/huyta/data/POLYPS/CVC-EndoSceneStill/CVC-612/bbdd/600.bmp,/vinbrain/huyta/data/POLYPS/CVC-EndoSceneStill/CVC-612/gtpolyp/600.tif
601,/vinbrain/huyta/data/POLYPS/CVC-EndoSceneStill/CVC-612/bbdd/601.bmp,/vinbrain/huyta/data/POLYPS/CVC-EndoSceneStill/CVC-612/gtpolyp/601.tif
602,/vinbrain/huyta/data/POLYPS/CVC-EndoSceneStill/CVC-612/bbdd/602.bmp,/vinbrain/huyta/data/POLYPS/CVC-EndoSceneStill/CVC-612/gtpolyp/602.tif
603,/vinbrain/huyta/data/POLYPS/CVC-EndoSceneStill/CVC-612/bbdd/603.bmp,/vinbrain/huyta/data/POLYPS/CVC-EndoSceneStill/CVC-612/gtpolyp/603.tif
604,/vinbrain/huyta/data/POLYPS/CVC-EndoSceneStill/CVC-612/bbdd/604.bmp,/vinbrain/huyta/data/POLYPS/CVC-EndoSceneStill/CVC-612/gtpolyp/604.tif
605,/vinbrain/huyta/data/POLYPS/CVC-EndoSceneStill/CVC-612/bbdd/605.bmp,/vinbrain/huyta/data/POLYPS/CVC-EndoSceneStill/CVC-612/gtpolyp/605.tif
606,/vinbrain/huyta/data/POLYPS/CVC-EndoSceneStill/CVC-612/bbdd/606.bmp,/vinbrain/huyta/data/POLYPS/CVC-EndoSceneStill/CVC-612/gtpolyp/606.tif
607,/vinbrain/huyta/data/POLYPS/CVC-EndoSceneStill/CVC-612/bbdd/607.bmp,/vinbrain/huyta/data/POLYPS/CVC-EndoSceneStill/CVC-612/gtpolyp/607.tif
608,/vinbrain/huyta/data/POLYPS/CVC-EndoSceneStill/CVC-612/bbdd/608.bmp,/vinbrain/huyta/data/POLYPS/CVC-EndoSceneStill/CVC-612/gtpolyp/608.tif
609,/vinbrain/huyta/data/POLYPS/CVC-EndoSceneStill/CVC-612/bbdd/609.bmp,/vinbrain/huyta/data/POLYPS/CVC-EndoSceneStill/CVC-612/gtpolyp/609.tif
610,/vinbrain/huyta/data/POLYPS/CVC-EndoSceneStill/CVC-612/bbdd/610.bmp,/vinbrain/huyta/data/POLYPS/CVC-EndoSceneStill/CVC-612/gtpolyp/610.tif
611,/vinbrain/huyta/data/POLYPS/CVC-EndoSceneStill/CVC-612/bbdd/611.bmp,/vinbrain/huyta/data/POLYPS/CVC-EndoSceneStill/CVC-612/gtpolyp/611.tif
612,/vinbrain/huyta/data/POLYPS/CVC-EndoSceneStill/CVC-612/bbdd/612.bmp,/vinbrain/huyta/data/POLYPS/CVC-EndoSceneStill/CVC-612/gtpolyp/612.tif
